region,date,type,median,lower_90,upper_90,lower_50,upper_50,prob_control
Amazonas,2020-04-22,nowcast,1.6,1.1,2.1,1.4,1.8,0.01
Amazonas,2020-04-23,nowcast,1.6,1.2,2,1.4,1.7,0.01
Amazonas,2020-04-24,nowcast,1.5,1.2,1.9,1.3,1.7,0
Amazonas,2020-04-25,nowcast,1.5,1.2,1.9,1.3,1.6,0
Amazonas,2020-04-26,nowcast,1.5,1.1,1.8,1.3,1.6,0.01
Amazonas,2020-04-27,nowcast,1.5,1.2,1.8,1.3,1.6,0
Amazonas,2020-04-28,nowcast,1.4,1.1,1.8,1.3,1.5,0
Amazonas,2020-04-29,nowcast,1.4,1.1,1.7,1.3,1.5,0.01
Amazonas,2020-04-30,nowcast,1.4,1.1,1.7,1.3,1.5,0.01
Amazonas,2020-05-01,nowcast,1.4,1.1,1.6,1.3,1.5,0.01
Amazonas,2020-05-02,nowcast,1.3,1.1,1.6,1.2,1.4,0.01
Amazonas,2020-05-03,nowcast,1.3,1,1.5,1.2,1.4,0.03
Amazonas,2020-05-04,nowcast,1.2,1,1.4,1.1,1.3,0.05
Amazonas,2020-05-05,nowcast,1.2,0.9,1.4,1.1,1.3,0.1
Amazonas,2020-05-06,nowcast,1.1,0.9,1.3,1,1.2,0.18
Amazonas,2020-05-07,nowcast,1.1,0.9,1.3,1,1.2,0.25
Amazonas,2020-05-08,nowcast,1,0.8,1.2,1,1.1,0.42
Amazonas,2020-05-09,nowcast,1,0.8,1.2,0.9,1.1,0.59
Amazonas,2020-05-10,nowcast,0.9,0.8,1.1,0.9,1,0.73
Amazonas,2020-05-11,nowcast,0.9,0.8,1.1,0.9,1,0.79
Amazonas,2020-05-12,nowcast,0.9,0.7,1.1,0.9,1,0.84
Amazonas,2020-05-13,nowcast,0.9,0.8,1.1,0.9,1,0.85
Amazonas,2020-05-14,nowcast,0.9,0.8,1,0.9,1,0.87
Amazonas,2020-05-15,nowcast,0.9,0.7,1.1,0.8,1,0.87
Amazonas,2020-05-16,nowcast,0.9,0.7,1,0.8,0.9,0.88
Amazonas,2020-05-17,nowcast,0.9,0.7,1,0.8,0.9,0.92
Amazonas,2020-05-18,nowcast,0.9,0.7,1,0.8,0.9,0.92
Amazonas,2020-05-19,nowcast,0.9,0.7,1,0.8,0.9,0.91
Amazonas,2020-05-20,nowcast,0.9,0.7,1,0.8,0.9,0.88
Amazonas,2020-05-21,nowcast,0.9,0.7,1.1,0.8,0.9,0.88
Amazonas,2020-05-22,nowcast,0.9,0.7,1,0.8,0.9,0.91
Amazonas,2020-05-23,nowcast,0.8,0.7,1,0.8,0.9,0.95
Amazonas,2020-05-24,nowcast,0.8,0.6,1,0.7,0.9,0.98
Amazonas,2020-05-25,nowcast,0.7,0.5,0.9,0.7,0.8,0.99
Amazonas,2020-05-26,nowcast,0.7,0.5,0.9,0.6,0.8,0.99
Amazonas,2020-05-27,nowcast,0.7,0.5,0.9,0.6,0.8,0.99
Amazonas,2020-05-28,nowcast,0.7,0.5,0.9,0.6,0.8,0.98
Amazonas,2020-05-29,nowcast,0.7,0.5,0.9,0.6,0.8,0.96
Amazonas,2020-05-30,nowcast,0.8,0.6,1,0.6,0.8,0.92
Amazonas,2020-05-31,nowcast,0.8,0.6,1.1,0.7,0.8,0.88
Amazonas,2020-06-01,nowcast,0.8,0.6,1.1,0.7,0.9,0.87
Amazonas,2020-06-02,nowcast,0.8,0.6,1.1,0.7,0.9,0.88
Amazonas,2020-06-03,nowcast,0.8,0.6,1.1,0.7,0.9,0.89
Amazonas,2020-06-04,nowcast,0.8,0.6,1.1,0.7,0.9,0.89
Amazonas,2020-06-05,nowcast,0.8,0.6,1,0.7,0.9,0.91
Amazonas,2020-06-06,nowcast,0.8,0.6,1,0.7,0.9,0.92
Amazonas,2020-06-07,nowcast,0.8,0.5,1,0.7,0.9,0.91
Amazonas,2020-06-08,nowcast,0.8,0.5,1.1,0.7,0.9,0.9
Amazonas,2020-06-09,nowcast,0.8,0.5,1.1,0.7,0.9,0.89
Amazonas,2020-06-10,nowcast,0.8,0.5,1.1,0.7,0.9,0.9
Amazonas,2020-06-11,nowcast,0.8,0.5,1.1,0.7,0.9,0.9
Amazonas,2020-06-12,nowcast,0.8,0.5,1.1,0.7,0.9,0.89
Amazonas,2020-06-13,nowcast,0.8,0.5,1.1,0.6,0.9,0.88
Amazonas,2020-06-14,nowcast,0.8,0.5,1.1,0.7,0.9,0.87
Amazonas,2020-06-15,nowcast,0.8,0.5,1.2,0.7,0.9,0.82
Amazonas,2020-06-16,nowcast,0.9,0.5,1.3,0.7,1,0.75
Amazonas,2020-06-17,nowcast,0.9,0.6,1.4,0.7,1,0.64
Amazonas,2020-06-18,nowcast,1,0.6,1.5,0.8,1.1,0.54
Amazonas,2020-06-19,nowcast,1.1,0.7,1.5,0.8,1.2,0.42
Amazonas,2020-06-20,nowcast,1.1,0.7,1.6,0.9,1.2,0.34
Amazonas,2020-06-21,nowcast,1.1,0.8,1.7,1,1.3,0.27
Amazonas,2020-06-22,nowcast,1.2,0.8,1.7,1,1.3,0.21
Amazonas,2020-06-23,nowcast,1.2,0.8,1.6,1,1.3,0.2
Amazonas,2020-06-24,nowcast,1.2,0.8,1.6,1,1.3,0.19
Antioquia,2020-04-22,nowcast,0.3,0.1,0.5,0.2,0.3,1
Antioquia,2020-04-23,nowcast,0.3,0.1,0.5,0.2,0.3,1
Antioquia,2020-04-24,nowcast,0.3,0.1,0.6,0.2,0.4,1
Antioquia,2020-04-25,nowcast,0.4,0.1,0.6,0.2,0.4,0.99
Antioquia,2020-04-26,nowcast,0.4,0.1,0.8,0.2,0.5,0.97
Antioquia,2020-04-27,nowcast,0.5,0.2,1,0.2,0.5,0.92
Antioquia,2020-04-28,nowcast,0.6,0.2,1.2,0.3,0.7,0.85
Antioquia,2020-04-29,nowcast,0.7,0.2,1.3,0.5,0.9,0.75
Antioquia,2020-04-30,nowcast,0.9,0.4,1.6,0.5,1,0.6
Antioquia,2020-05-01,nowcast,1,0.5,1.7,0.7,1.2,0.48
Antioquia,2020-05-02,nowcast,1.1,0.6,1.8,0.9,1.4,0.32
Antioquia,2020-05-03,nowcast,1.2,0.7,1.9,0.9,1.4,0.25
Antioquia,2020-05-04,nowcast,1.3,0.8,1.9,1,1.5,0.13
Antioquia,2020-05-05,nowcast,1.4,0.9,2,1.1,1.5,0.07
Antioquia,2020-05-06,nowcast,1.4,1,2,1.2,1.6,0.04
Antioquia,2020-05-07,nowcast,1.5,1,2,1.3,1.7,0.03
Antioquia,2020-05-08,nowcast,1.5,1.1,2,1.3,1.7,0.02
Antioquia,2020-05-09,nowcast,1.5,1.1,2,1.3,1.7,0.02
Antioquia,2020-05-10,nowcast,1.5,1.1,2,1.4,1.7,0.01
Antioquia,2020-05-11,nowcast,1.5,1.1,2,1.3,1.6,0.01
Antioquia,2020-05-12,nowcast,1.5,1.1,1.9,1.4,1.7,0.01
Antioquia,2020-05-13,nowcast,1.5,1.1,1.9,1.3,1.6,0.01
Antioquia,2020-05-14,nowcast,1.5,1.2,1.9,1.3,1.6,0
Antioquia,2020-05-15,nowcast,1.5,1.2,1.8,1.3,1.6,0.01
Antioquia,2020-05-16,nowcast,1.5,1.1,1.8,1.3,1.6,0.01
Antioquia,2020-05-17,nowcast,1.4,1.1,1.7,1.3,1.5,0.01
Antioquia,2020-05-18,nowcast,1.4,1.1,1.7,1.3,1.5,0.01
Antioquia,2020-05-19,nowcast,1.3,1.1,1.6,1.2,1.4,0.02
Antioquia,2020-05-20,nowcast,1.3,1,1.5,1.1,1.4,0.05
Antioquia,2020-05-21,nowcast,1.2,0.9,1.4,1.1,1.3,0.1
Antioquia,2020-05-22,nowcast,1.1,0.9,1.4,1,1.2,0.18
Antioquia,2020-05-23,nowcast,1.1,0.9,1.3,1,1.2,0.24
Antioquia,2020-05-24,nowcast,1.1,0.9,1.3,1,1.2,0.28
Antioquia,2020-05-25,nowcast,1.1,0.9,1.3,1,1.1,0.25
Antioquia,2020-05-26,nowcast,1.1,0.9,1.3,1,1.1,0.18
Antioquia,2020-05-27,nowcast,1.1,0.9,1.3,1,1.2,0.13
Antioquia,2020-05-28,nowcast,1.1,0.9,1.3,1.1,1.2,0.09
Antioquia,2020-05-29,nowcast,1.1,1,1.3,1.1,1.2,0.06
Antioquia,2020-05-30,nowcast,1.2,1,1.3,1.1,1.2,0.04
Antioquia,2020-05-31,nowcast,1.2,1,1.4,1.1,1.2,0.03
Antioquia,2020-06-01,nowcast,1.2,1,1.4,1.1,1.2,0.03
Antioquia,2020-06-02,nowcast,1.2,1,1.4,1.1,1.2,0.02
Antioquia,2020-06-03,nowcast,1.2,1,1.4,1.1,1.2,0.02
Antioquia,2020-06-04,nowcast,1.2,1,1.4,1.1,1.3,0.02
Antioquia,2020-06-05,nowcast,1.2,1,1.4,1.2,1.3,0.01
Antioquia,2020-06-06,nowcast,1.2,1.1,1.4,1.2,1.3,0.01
Antioquia,2020-06-07,nowcast,1.2,1.1,1.4,1.2,1.3,0.01
Antioquia,2020-06-08,nowcast,1.2,1.1,1.4,1.2,1.3,0
Antioquia,2020-06-09,nowcast,1.2,1.1,1.4,1.2,1.3,0.01
Antioquia,2020-06-10,nowcast,1.2,1.1,1.4,1.2,1.3,0.01
Antioquia,2020-06-11,nowcast,1.2,1.1,1.4,1.2,1.3,0.01
Antioquia,2020-06-12,nowcast,1.2,1.1,1.4,1.2,1.3,0.01
Antioquia,2020-06-13,nowcast,1.2,1.1,1.3,1.1,1.3,0.02
Antioquia,2020-06-14,nowcast,1.2,1.1,1.3,1.1,1.2,0.01
Antioquia,2020-06-15,nowcast,1.2,1.1,1.3,1.1,1.2,0.01
Antioquia,2020-06-16,nowcast,1.2,1.1,1.3,1.1,1.2,0.01
Antioquia,2020-06-17,nowcast,1.2,1.1,1.3,1.1,1.2,0.01
Antioquia,2020-06-18,nowcast,1.2,1.1,1.3,1.2,1.2,0
Antioquia,2020-06-19,nowcast,1.2,1.1,1.3,1.2,1.2,0
Antioquia,2020-06-20,nowcast,1.2,1.1,1.3,1.2,1.3,0
Antioquia,2020-06-21,nowcast,1.2,1.1,1.4,1.2,1.3,0
Antioquia,2020-06-22,nowcast,1.2,1.1,1.3,1.2,1.3,0
Antioquia,2020-06-23,nowcast,1.2,1.1,1.3,1.2,1.3,0
Antioquia,2020-06-24,nowcast,1.2,1.1,1.3,1.2,1.2,0
Antioquia,2020-06-25,forecast,1.2,1.1,1.4,1.2,1.3,0.01
Antioquia,2020-06-26,forecast,1.2,1.1,1.4,1.1,1.3,0.01
Antioquia,2020-06-27,forecast,1.2,1,1.4,1.1,1.3,0.02
Antioquia,2020-06-28,forecast,1.2,1,1.4,1.1,1.3,0.03
Antioquia,2020-06-29,forecast,1.2,1,1.4,1.1,1.3,0.04
Antioquia,2020-06-30,forecast,1.2,1,1.4,1.1,1.3,0.04
Antioquia,2020-07-01,forecast,1.2,1,1.4,1.1,1.3,0.05
Antioquia,2020-07-02,forecast,1.2,1,1.4,1.1,1.3,0.05
Antioquia,2020-07-03,forecast,1.2,1,1.4,1.1,1.3,0.06
Antioquia,2020-07-04,forecast,1.2,1,1.4,1.1,1.3,0.06
Antioquia,2020-07-05,forecast,1.2,1,1.4,1.1,1.3,0.08
Antioquia,2020-07-06,forecast,1.2,1,1.5,1.1,1.3,0.08
Antioquia,2020-07-07,forecast,1.2,0.9,1.4,1.1,1.3,0.08
Antioquia,2020-07-08,forecast,1.2,1,1.5,1.1,1.3,0.09
Arauca,2020-06-15,nowcast,0.8,0.3,1.3,0.6,1,0.7
Arauca,2020-06-16,nowcast,0.8,0.3,1.3,0.6,1,0.72
Arauca,2020-06-17,nowcast,0.8,0.3,1.3,0.6,1,0.73
Arauca,2020-06-18,nowcast,0.8,0.3,1.4,0.6,1,0.73
Arauca,2020-06-19,nowcast,0.8,0.3,1.3,0.6,1,0.72
Arauca,2020-06-20,nowcast,0.8,0.3,1.5,0.5,0.9,0.69
Arauca,2020-06-21,nowcast,0.8,0.3,1.6,0.6,1,0.66
Arauca,2020-06-22,nowcast,0.9,0.3,1.7,0.6,1.1,0.59
Arauca,2020-06-23,nowcast,1,0.3,2,0.6,1.2,0.47
Arauca,2020-06-24,nowcast,1.2,0.4,2.2,0.8,1.4,0.35
Atlantico,2020-04-22,nowcast,1.4,1.1,1.7,1.2,1.4,0.03
Atlantico,2020-04-23,nowcast,1.3,1.1,1.6,1.2,1.4,0.01
Atlantico,2020-04-24,nowcast,1.4,1.1,1.6,1.3,1.5,0.02
Atlantico,2020-04-25,nowcast,1.3,1.1,1.6,1.2,1.4,0.01
Atlantico,2020-04-26,nowcast,1.3,1.1,1.6,1.2,1.4,0.01
Atlantico,2020-04-27,nowcast,1.3,1.1,1.6,1.2,1.4,0.01
Atlantico,2020-04-28,nowcast,1.3,1.1,1.5,1.2,1.4,0.01
Atlantico,2020-04-29,nowcast,1.3,1.1,1.5,1.2,1.4,0.01
Atlantico,2020-04-30,nowcast,1.3,1.1,1.5,1.2,1.4,0.01
Atlantico,2020-05-01,nowcast,1.2,1.1,1.4,1.2,1.3,0.02
Atlantico,2020-05-02,nowcast,1.2,1,1.4,1.2,1.3,0.03
Atlantico,2020-05-03,nowcast,1.2,1,1.4,1.1,1.3,0.03
Atlantico,2020-05-04,nowcast,1.2,1,1.4,1.1,1.3,0.02
Atlantico,2020-05-05,nowcast,1.2,1,1.4,1.1,1.3,0.02
Atlantico,2020-05-06,nowcast,1.2,1,1.4,1.1,1.3,0.02
Atlantico,2020-05-07,nowcast,1.2,1.1,1.4,1.1,1.3,0.01
Atlantico,2020-05-08,nowcast,1.2,1.1,1.4,1.2,1.3,0.01
Atlantico,2020-05-09,nowcast,1.2,1.1,1.4,1.2,1.3,0.01
Atlantico,2020-05-10,nowcast,1.2,1.1,1.4,1.1,1.3,0.01
Atlantico,2020-05-11,nowcast,1.2,1.1,1.4,1.2,1.3,0.01
Atlantico,2020-05-12,nowcast,1.2,1.1,1.4,1.1,1.3,0.01
Atlantico,2020-05-13,nowcast,1.2,1.1,1.3,1.1,1.2,0.01
Atlantico,2020-05-14,nowcast,1.2,1.1,1.3,1.1,1.2,0.01
Atlantico,2020-05-15,nowcast,1.2,1.1,1.3,1.1,1.2,0.01
Atlantico,2020-05-16,nowcast,1.2,1.1,1.3,1.1,1.2,0.01
Atlantico,2020-05-17,nowcast,1.2,1.1,1.3,1.1,1.2,0.01
Atlantico,2020-05-18,nowcast,1.2,1.1,1.3,1.2,1.3,0
Atlantico,2020-05-19,nowcast,1.2,1.1,1.3,1.2,1.3,0
Atlantico,2020-05-20,nowcast,1.2,1.1,1.3,1.2,1.3,0
Atlantico,2020-05-21,nowcast,1.2,1.1,1.3,1.2,1.3,0
Atlantico,2020-05-22,nowcast,1.2,1.1,1.4,1.2,1.3,0
Atlantico,2020-05-23,nowcast,1.3,1.1,1.4,1.2,1.3,0
Atlantico,2020-05-24,nowcast,1.3,1.2,1.4,1.2,1.3,0
Atlantico,2020-05-25,nowcast,1.3,1.2,1.4,1.2,1.3,0
Atlantico,2020-05-26,nowcast,1.3,1.2,1.4,1.2,1.3,0
Atlantico,2020-05-27,nowcast,1.3,1.2,1.4,1.2,1.3,0
Atlantico,2020-05-28,nowcast,1.3,1.2,1.4,1.2,1.3,0
Atlantico,2020-05-29,nowcast,1.3,1.2,1.4,1.2,1.3,0
Atlantico,2020-05-30,nowcast,1.3,1.2,1.4,1.2,1.3,0
Atlantico,2020-05-31,nowcast,1.3,1.1,1.4,1.2,1.3,0
Atlantico,2020-06-01,nowcast,1.2,1.1,1.3,1.2,1.3,0
Atlantico,2020-06-02,nowcast,1.2,1.1,1.3,1.2,1.3,0
Atlantico,2020-06-03,nowcast,1.2,1.1,1.3,1.2,1.2,0
Atlantico,2020-06-04,nowcast,1.2,1.1,1.3,1.2,1.3,0
Atlantico,2020-06-05,nowcast,1.2,1.1,1.3,1.2,1.3,0
Atlantico,2020-06-06,nowcast,1.2,1.1,1.3,1.2,1.3,0
Atlantico,2020-06-07,nowcast,1.2,1.2,1.3,1.2,1.3,0
Atlantico,2020-06-08,nowcast,1.2,1.1,1.3,1.2,1.3,0
Atlantico,2020-06-09,nowcast,1.2,1.1,1.3,1.2,1.3,0
Atlantico,2020-06-10,nowcast,1.2,1.1,1.3,1.2,1.3,0
Atlantico,2020-06-11,nowcast,1.2,1.1,1.3,1.2,1.2,0
Atlantico,2020-06-12,nowcast,1.2,1.1,1.2,1.1,1.2,0
Atlantico,2020-06-13,nowcast,1.1,1,1.2,1.1,1.2,0
Atlantico,2020-06-14,nowcast,1.1,1,1.2,1.1,1.1,0.01
Atlantico,2020-06-15,nowcast,1.1,1,1.2,1.1,1.1,0.01
Atlantico,2020-06-16,nowcast,1.1,1,1.2,1.1,1.1,0.01
Atlantico,2020-06-17,nowcast,1.1,1,1.1,1.1,1.1,0.02
Atlantico,2020-06-18,nowcast,1.1,1,1.1,1.1,1.1,0.01
Atlantico,2020-06-19,nowcast,1.1,1,1.1,1.1,1.1,0.01
Atlantico,2020-06-20,nowcast,1.1,1,1.1,1.1,1.1,0.02
Atlantico,2020-06-21,nowcast,1.1,1,1.1,1,1.1,0.03
Atlantico,2020-06-22,nowcast,1,1,1.1,1,1.1,0.13
Atlantico,2020-06-23,nowcast,1,0.9,1.1,1,1,0.36
Atlantico,2020-06-24,nowcast,1,0.9,1.1,1,1,0.62
Atlantico,2020-06-25,forecast,1,0.9,1.1,1,1,0.59
Atlantico,2020-06-26,forecast,1,0.9,1.1,0.9,1,0.6
Atlantico,2020-06-27,forecast,1,0.9,1.1,0.9,1,0.62
Atlantico,2020-06-28,forecast,1,0.8,1.1,0.9,1,0.63
Atlantico,2020-06-29,forecast,1,0.8,1.1,0.9,1,0.63
Atlantico,2020-06-30,forecast,1,0.8,1.1,0.9,1,0.63
Atlantico,2020-07-01,forecast,1,0.8,1.1,0.9,1,0.66
Atlantico,2020-07-02,forecast,1,0.8,1.1,0.9,1,0.67
Atlantico,2020-07-03,forecast,1,0.8,1.1,0.9,1,0.66
Atlantico,2020-07-04,forecast,1,0.7,1.1,0.9,1,0.67
Atlantico,2020-07-05,forecast,0.9,0.7,1.1,0.9,1,0.68
Atlantico,2020-07-06,forecast,0.9,0.7,1.2,0.9,1,0.67
Atlantico,2020-07-07,forecast,0.9,0.7,1.2,0.9,1,0.68
Atlantico,2020-07-08,forecast,0.9,0.7,1.2,0.8,1,0.69
Bogota,2020-04-22,nowcast,0.7,0.6,0.9,0.7,0.8,1
Bogota,2020-04-23,nowcast,0.7,0.6,0.9,0.7,0.8,0.99
Bogota,2020-04-24,nowcast,0.8,0.7,1,0.8,0.9,0.98
Bogota,2020-04-25,nowcast,0.9,0.7,1,0.8,0.9,0.92
Bogota,2020-04-26,nowcast,0.9,0.8,1.1,0.9,1,0.72
Bogota,2020-04-27,nowcast,1,0.9,1.2,0.9,1.1,0.47
Bogota,2020-04-28,nowcast,1,0.9,1.2,1,1.1,0.3
Bogota,2020-04-29,nowcast,1.1,0.9,1.2,1,1.1,0.17
Bogota,2020-04-30,nowcast,1.1,1,1.3,1,1.2,0.08
Bogota,2020-05-01,nowcast,1.1,1,1.3,1,1.2,0.04
Bogota,2020-05-02,nowcast,1.1,1,1.3,1.1,1.2,0.02
Bogota,2020-05-03,nowcast,1.1,1,1.2,1.1,1.2,0.02
Bogota,2020-05-04,nowcast,1.1,1,1.2,1.1,1.2,0.03
Bogota,2020-05-05,nowcast,1.1,1,1.2,1.1,1.2,0.04
Bogota,2020-05-06,nowcast,1.1,1,1.2,1.1,1.2,0.05
Bogota,2020-05-07,nowcast,1.1,1,1.2,1.1,1.2,0.04
Bogota,2020-05-08,nowcast,1.1,1,1.2,1.1,1.2,0.04
Bogota,2020-05-09,nowcast,1.1,1,1.2,1.1,1.2,0.02
Bogota,2020-05-10,nowcast,1.1,1,1.2,1.1,1.2,0.01
Bogota,2020-05-11,nowcast,1.1,1,1.3,1.1,1.2,0.01
Bogota,2020-05-12,nowcast,1.1,1.1,1.3,1.1,1.2,0.01
Bogota,2020-05-13,nowcast,1.2,1.1,1.3,1.1,1.2,0
Bogota,2020-05-14,nowcast,1.2,1.1,1.3,1.1,1.2,0
Bogota,2020-05-15,nowcast,1.2,1.1,1.3,1.1,1.2,0
Bogota,2020-05-16,nowcast,1.2,1.1,1.3,1.1,1.2,0
Bogota,2020-05-17,nowcast,1.2,1.1,1.3,1.1,1.2,0
Bogota,2020-05-18,nowcast,1.2,1.1,1.3,1.2,1.2,0
Bogota,2020-05-19,nowcast,1.2,1.1,1.3,1.2,1.2,0
Bogota,2020-05-20,nowcast,1.2,1.1,1.3,1.2,1.2,0
Bogota,2020-05-21,nowcast,1.2,1.1,1.3,1.2,1.2,0
Bogota,2020-05-22,nowcast,1.2,1.1,1.3,1.2,1.2,0
Bogota,2020-05-23,nowcast,1.2,1.1,1.3,1.2,1.2,0
Bogota,2020-05-24,nowcast,1.2,1.1,1.3,1.2,1.2,0
Bogota,2020-05-25,nowcast,1.2,1.1,1.3,1.2,1.2,0
Bogota,2020-05-26,nowcast,1.2,1.1,1.3,1.1,1.2,0
Bogota,2020-05-27,nowcast,1.2,1.1,1.2,1.1,1.2,0.01
Bogota,2020-05-28,nowcast,1.2,1,1.2,1.1,1.2,0.01
Bogota,2020-05-29,nowcast,1.2,1.1,1.3,1.1,1.2,0
Bogota,2020-05-30,nowcast,1.2,1.1,1.3,1.1,1.2,0
Bogota,2020-05-31,nowcast,1.2,1.1,1.3,1.1,1.2,0
Bogota,2020-06-01,nowcast,1.2,1.1,1.3,1.2,1.3,0
Bogota,2020-06-02,nowcast,1.3,1.1,1.4,1.2,1.3,0
Bogota,2020-06-03,nowcast,1.3,1.2,1.4,1.3,1.4,0
Bogota,2020-06-04,nowcast,1.4,1.2,1.5,1.3,1.4,0
Bogota,2020-06-05,nowcast,1.4,1.3,1.5,1.3,1.4,0
Bogota,2020-06-06,nowcast,1.4,1.3,1.6,1.4,1.5,0
Bogota,2020-06-07,nowcast,1.5,1.3,1.6,1.4,1.5,0
Bogota,2020-06-08,nowcast,1.5,1.3,1.7,1.4,1.6,0
Bogota,2020-06-09,nowcast,1.5,1.3,1.7,1.4,1.5,0
Bogota,2020-06-10,nowcast,1.5,1.3,1.7,1.4,1.6,0
Bogota,2020-06-11,nowcast,1.5,1.3,1.7,1.4,1.6,0
Bogota,2020-06-12,nowcast,1.5,1.3,1.7,1.4,1.5,0
Bogota,2020-06-13,nowcast,1.4,1.2,1.6,1.3,1.5,0
Bogota,2020-06-14,nowcast,1.3,1.1,1.6,1.3,1.4,0
Bogota,2020-06-15,nowcast,1.2,1.1,1.4,1.1,1.3,0
Bogota,2020-06-16,nowcast,1.1,1,1.3,1.1,1.2,0.1
Bogota,2020-06-17,nowcast,1,0.8,1.1,0.9,1,0.62
Bogota,2020-06-18,nowcast,0.8,0.7,0.9,0.8,0.9,0.99
Bogota,2020-06-19,nowcast,0.7,0.6,0.8,0.7,0.7,1
Bogota,2020-06-20,nowcast,0.6,0.6,0.7,0.6,0.7,1
Bogota,2020-06-21,nowcast,0.7,0.6,0.8,0.6,0.7,1
Bogota,2020-06-22,nowcast,0.8,0.7,0.8,0.7,0.8,1
Bogota,2020-06-23,nowcast,0.8,0.7,0.9,0.8,0.8,1
Bogota,2020-06-24,nowcast,0.9,0.8,1,0.8,0.9,0.98
Bogota,2020-06-25,forecast,0.9,0.7,1,0.8,1,0.86
Bogota,2020-06-26,forecast,0.9,0.7,1.2,0.8,1,0.76
Bogota,2020-06-27,forecast,0.9,0.6,1.3,0.8,1.1,0.66
Bogota,2020-06-28,forecast,0.9,0.5,1.3,0.8,1.1,0.6
Bogota,2020-06-29,forecast,0.9,0.5,1.4,0.8,1.1,0.58
Bogota,2020-06-30,forecast,1,0.4,1.5,0.8,1.2,0.54
Bogota,2020-07-01,forecast,1,0.3,1.6,0.7,1.2,0.54
Bogota,2020-07-02,forecast,1,0.3,1.7,0.7,1.2,0.52
Bogota,2020-07-03,forecast,1,0,1.6,0.7,1.3,0.52
Bogota,2020-07-04,forecast,1,0,1.7,0.6,1.3,0.51
Bogota,2020-07-05,forecast,1,0,1.8,0.6,1.3,0.51
Bogota,2020-07-06,forecast,1,0,1.8,0.6,1.5,0.49
Bogota,2020-07-07,forecast,1,0,1.9,0.6,1.5,0.49
Bogota,2020-07-08,forecast,1,0,2,0.6,1.5,0.5
Bolivar,2020-04-22,nowcast,1,0.7,1.4,0.9,1.2,0.42
Bolivar,2020-04-23,nowcast,1.1,0.8,1.3,0.9,1.2,0.35
Bolivar,2020-04-24,nowcast,1.1,0.8,1.4,1,1.2,0.23
Bolivar,2020-04-25,nowcast,1.2,0.9,1.6,1,1.3,0.12
Bolivar,2020-04-26,nowcast,1.3,1,1.6,1.1,1.3,0.06
Bolivar,2020-04-27,nowcast,1.3,1,1.7,1.2,1.4,0.02
Bolivar,2020-04-28,nowcast,1.4,1.1,1.7,1.2,1.5,0.01
Bolivar,2020-04-29,nowcast,1.4,1.1,1.7,1.3,1.5,0
Bolivar,2020-04-30,nowcast,1.4,1.2,1.7,1.3,1.5,0
Bolivar,2020-05-01,nowcast,1.4,1.2,1.7,1.3,1.5,0
Bolivar,2020-05-02,nowcast,1.4,1.2,1.7,1.3,1.5,0
Bolivar,2020-05-03,nowcast,1.4,1.2,1.7,1.3,1.5,0
Bolivar,2020-05-04,nowcast,1.4,1.2,1.7,1.3,1.5,0
Bolivar,2020-05-05,nowcast,1.4,1.2,1.6,1.3,1.5,0
Bolivar,2020-05-06,nowcast,1.4,1.1,1.6,1.3,1.4,0
Bolivar,2020-05-07,nowcast,1.3,1.1,1.5,1.2,1.4,0.01
Bolivar,2020-05-08,nowcast,1.3,1.1,1.5,1.2,1.4,0.01
Bolivar,2020-05-09,nowcast,1.2,1,1.4,1.2,1.3,0.02
Bolivar,2020-05-10,nowcast,1.2,1,1.4,1.1,1.3,0.03
Bolivar,2020-05-11,nowcast,1.2,1,1.3,1.1,1.2,0.04
Bolivar,2020-05-12,nowcast,1.2,1,1.3,1.1,1.2,0.07
Bolivar,2020-05-13,nowcast,1.1,1,1.3,1.1,1.2,0.09
Bolivar,2020-05-14,nowcast,1.1,1,1.3,1.1,1.2,0.08
Bolivar,2020-05-15,nowcast,1.1,1,1.2,1.1,1.2,0.09
Bolivar,2020-05-16,nowcast,1.1,1,1.2,1,1.1,0.1
Bolivar,2020-05-17,nowcast,1.1,1,1.2,1.1,1.1,0.09
Bolivar,2020-05-18,nowcast,1.1,1,1.2,1,1.1,0.09
Bolivar,2020-05-19,nowcast,1.1,1,1.2,1,1.1,0.1
Bolivar,2020-05-20,nowcast,1.1,1,1.2,1,1.1,0.1
Bolivar,2020-05-21,nowcast,1.1,1,1.2,1,1.1,0.11
Bolivar,2020-05-22,nowcast,1.1,1,1.2,1,1.1,0.13
Bolivar,2020-05-23,nowcast,1.1,0.9,1.2,1,1.1,0.16
Bolivar,2020-05-24,nowcast,1.1,0.9,1.2,1,1.1,0.16
Bolivar,2020-05-25,nowcast,1.1,1,1.2,1,1.1,0.16
Bolivar,2020-05-26,nowcast,1.1,0.9,1.2,1,1.1,0.21
Bolivar,2020-05-27,nowcast,1,0.9,1.2,1,1.1,0.24
Bolivar,2020-05-28,nowcast,1,0.9,1.2,1,1.1,0.31
Bolivar,2020-05-29,nowcast,1,0.9,1.1,1,1.1,0.33
Bolivar,2020-05-30,nowcast,1,0.9,1.1,1,1.1,0.31
Bolivar,2020-05-31,nowcast,1,0.9,1.1,1,1.1,0.28
Bolivar,2020-06-01,nowcast,1,0.9,1.2,1,1.1,0.23
Bolivar,2020-06-02,nowcast,1.1,0.9,1.2,1,1.1,0.18
Bolivar,2020-06-03,nowcast,1.1,0.9,1.2,1,1.1,0.15
Bolivar,2020-06-04,nowcast,1.1,1,1.2,1,1.1,0.1
Bolivar,2020-06-05,nowcast,1.1,1,1.2,1,1.1,0.06
Bolivar,2020-06-06,nowcast,1.1,1,1.2,1.1,1.2,0.03
Bolivar,2020-06-07,nowcast,1.1,1,1.3,1.1,1.2,0.01
Bolivar,2020-06-08,nowcast,1.2,1,1.3,1.1,1.2,0.01
Bolivar,2020-06-09,nowcast,1.2,1.1,1.3,1.1,1.2,0
Bolivar,2020-06-10,nowcast,1.2,1.1,1.3,1.1,1.2,0
Bolivar,2020-06-11,nowcast,1.2,1.1,1.3,1.1,1.2,0
Bolivar,2020-06-12,nowcast,1.2,1.1,1.3,1.1,1.2,0
Bolivar,2020-06-13,nowcast,1.2,1.1,1.3,1.1,1.2,0.01
Bolivar,2020-06-14,nowcast,1.2,1.1,1.3,1.1,1.2,0.01
Bolivar,2020-06-15,nowcast,1.2,1.1,1.3,1.1,1.2,0.01
Bolivar,2020-06-16,nowcast,1.1,1,1.2,1.1,1.2,0.02
Bolivar,2020-06-17,nowcast,1.1,1,1.2,1.1,1.2,0.04
Bolivar,2020-06-18,nowcast,1.1,1,1.2,1.1,1.1,0.08
Bolivar,2020-06-19,nowcast,1.1,1,1.2,1,1.1,0.1
Bolivar,2020-06-20,nowcast,1.1,1,1.2,1,1.1,0.12
Bolivar,2020-06-21,nowcast,1,0.9,1.1,1,1.1,0.19
Bolivar,2020-06-22,nowcast,1,0.9,1.1,1,1.1,0.29
Bolivar,2020-06-23,nowcast,1,0.9,1.1,1,1.1,0.41
Bolivar,2020-06-24,nowcast,1,0.9,1.1,1,1,0.51
Bolivar,2020-06-25,forecast,1,0.9,1.1,1,1.1,0.48
Bolivar,2020-06-26,forecast,1,0.9,1.2,1,1.1,0.48
Bolivar,2020-06-27,forecast,1,0.8,1.2,0.9,1.1,0.49
Bolivar,2020-06-28,forecast,1,0.8,1.2,0.9,1.1,0.48
Bolivar,2020-06-29,forecast,1,0.8,1.2,0.9,1.1,0.48
Bolivar,2020-06-30,forecast,1,0.8,1.2,0.9,1.1,0.49
Bolivar,2020-07-01,forecast,1,0.8,1.2,0.9,1.1,0.47
Bolivar,2020-07-02,forecast,1,0.8,1.2,0.9,1.1,0.48
Bolivar,2020-07-03,forecast,1,0.7,1.2,0.9,1.1,0.49
Bolivar,2020-07-04,forecast,1,0.7,1.3,0.9,1.1,0.49
Bolivar,2020-07-05,forecast,1,0.7,1.3,0.9,1.1,0.48
Bolivar,2020-07-06,forecast,1,0.7,1.3,0.9,1.1,0.51
Bolivar,2020-07-07,forecast,1,0.7,1.3,0.9,1.1,0.5
Bolivar,2020-07-08,forecast,1,0.7,1.3,0.9,1.1,0.51
Caldas,2020-04-22,nowcast,0.8,0.3,1.3,0.6,1,0.72
Caldas,2020-04-23,nowcast,0.8,0.4,1.4,0.7,1,0.7
Caldas,2020-04-24,nowcast,0.9,0.3,1.4,0.6,1,0.67
Caldas,2020-04-25,nowcast,0.9,0.4,1.5,0.6,1,0.63
Caldas,2020-04-26,nowcast,0.9,0.4,1.6,0.6,1,0.61
Caldas,2020-04-27,nowcast,0.9,0.4,1.6,0.7,1.1,0.61
Caldas,2020-04-28,nowcast,0.9,0.4,1.5,0.7,1.1,0.61
Caldas,2020-04-29,nowcast,0.9,0.4,1.5,0.7,1.1,0.62
Caldas,2020-04-30,nowcast,0.9,0.3,1.4,0.7,1.1,0.65
Caldas,2020-05-01,nowcast,0.9,0.3,1.4,0.6,1,0.67
Caldas,2020-05-02,nowcast,0.9,0.3,1.4,0.6,1,0.68
Caldas,2020-05-03,nowcast,0.8,0.3,1.5,0.5,1,0.68
Caldas,2020-05-04,nowcast,0.8,0.3,1.5,0.5,1,0.68
Caldas,2020-05-05,nowcast,0.9,0.3,1.5,0.6,1.1,0.66
Caldas,2020-05-06,nowcast,0.9,0.3,1.6,0.6,1.1,0.63
Caldas,2020-05-07,nowcast,0.9,0.3,1.7,0.6,1,0.6
Caldas,2020-05-08,nowcast,0.9,0.2,1.7,0.6,1.1,0.56
Caldas,2020-05-09,nowcast,1,0.3,1.7,0.6,1.1,0.55
Caldas,2020-05-10,nowcast,1,0.2,1.7,0.6,1.1,0.53
Caldas,2020-05-11,nowcast,1,0.3,1.7,0.6,1.1,0.53
Caldas,2020-05-12,nowcast,1,0.3,1.7,0.6,1.1,0.55
Caldas,2020-05-13,nowcast,0.9,0.2,1.6,0.6,1.1,0.58
Caldas,2020-05-14,nowcast,0.9,0.2,1.7,0.6,1.2,0.58
Caldas,2020-05-15,nowcast,0.9,0.2,1.7,0.6,1.1,0.61
Caldas,2020-05-16,nowcast,0.9,0.2,1.8,0.6,1.1,0.59
Caldas,2020-05-17,nowcast,1,0.2,1.8,0.6,1.2,0.54
Caldas,2020-05-18,nowcast,1,0.3,1.9,0.6,1.2,0.5
Caldas,2020-05-19,nowcast,1,0.3,2,0.6,1.2,0.46
Caldas,2020-05-20,nowcast,1.1,0.4,2.2,0.7,1.3,0.4
Caldas,2020-05-21,nowcast,1.2,0.4,2.3,0.8,1.4,0.34
Caldas,2020-05-22,nowcast,1.2,0.5,2.3,0.8,1.5,0.29
Caldas,2020-05-23,nowcast,1.3,0.5,2.2,0.9,1.5,0.26
Caldas,2020-05-24,nowcast,1.3,0.6,2.3,0.9,1.5,0.24
Caldas,2020-05-25,nowcast,1.3,0.5,2.3,0.9,1.6,0.23
Caldas,2020-05-26,nowcast,1.3,0.5,2.2,0.9,1.5,0.21
Caldas,2020-05-27,nowcast,1.3,0.6,2.2,1,1.6,0.2
Caldas,2020-05-28,nowcast,1.3,0.6,2.1,1,1.6,0.22
Caldas,2020-05-29,nowcast,1.3,0.5,2,0.9,1.5,0.25
Caldas,2020-05-30,nowcast,1.2,0.5,1.9,0.9,1.4,0.28
Caldas,2020-05-31,nowcast,1.1,0.5,1.8,0.9,1.4,0.34
Caldas,2020-06-01,nowcast,1.1,0.5,1.7,0.8,1.3,0.42
Caldas,2020-06-02,nowcast,1,0.4,1.6,0.8,1.2,0.49
Caldas,2020-06-03,nowcast,1,0.4,1.5,0.8,1.2,0.53
Caldas,2020-06-04,nowcast,1,0.4,1.5,0.7,1.1,0.55
Caldas,2020-06-05,nowcast,0.9,0.4,1.5,0.7,1.1,0.58
Caldas,2020-06-06,nowcast,1,0.4,1.6,0.7,1.1,0.56
Caldas,2020-06-07,nowcast,1,0.4,1.6,0.7,1.1,0.54
Caldas,2020-06-08,nowcast,1,0.4,1.6,0.7,1.2,0.51
Caldas,2020-06-09,nowcast,1,0.4,1.7,0.7,1.2,0.51
Caldas,2020-06-10,nowcast,1,0.4,1.7,0.7,1.2,0.45
Caldas,2020-06-11,nowcast,1.1,0.4,1.7,0.8,1.3,0.43
Caldas,2020-06-12,nowcast,1.1,0.5,1.7,0.8,1.3,0.4
Caldas,2020-06-13,nowcast,1.1,0.5,1.8,0.8,1.3,0.4
Caldas,2020-06-14,nowcast,1.1,0.5,1.8,0.8,1.3,0.38
Caldas,2020-06-15,nowcast,1.1,0.5,1.8,0.8,1.3,0.36
Caldas,2020-06-16,nowcast,1.1,0.5,1.8,0.9,1.3,0.33
Caldas,2020-06-17,nowcast,1.1,0.5,1.8,0.9,1.4,0.34
Caldas,2020-06-18,nowcast,1.1,0.5,1.8,0.8,1.3,0.35
Caldas,2020-06-19,nowcast,1.1,0.5,1.8,0.9,1.3,0.36
Caldas,2020-06-20,nowcast,1.1,0.5,1.8,0.9,1.3,0.37
Caldas,2020-06-21,nowcast,1.1,0.5,1.7,0.8,1.3,0.38
Caldas,2020-06-22,nowcast,1.1,0.5,1.8,0.8,1.3,0.4
Caldas,2020-06-23,nowcast,1.1,0.5,1.8,0.8,1.3,0.37
Caldas,2020-06-24,nowcast,1.1,0.5,1.8,0.8,1.3,0.35
Cauca,2020-04-22,nowcast,0.8,0.1,1.4,0.5,1,0.68
Cauca,2020-04-23,nowcast,0.8,0.1,1.4,0.5,1,0.72
Cauca,2020-04-24,nowcast,0.8,0.1,1.5,0.4,0.9,0.72
Cauca,2020-04-25,nowcast,0.8,0.1,1.5,0.5,1,0.7
Cauca,2020-04-26,nowcast,0.8,0.1,1.6,0.4,1,0.67
Cauca,2020-04-27,nowcast,0.9,0.1,1.9,0.5,1.1,0.62
Cauca,2020-04-28,nowcast,0.9,0.1,1.9,0.5,1.1,0.55
Cauca,2020-04-29,nowcast,1,0.2,2.1,0.6,1.2,0.49
Cauca,2020-04-30,nowcast,1.1,0.3,2.2,0.6,1.3,0.43
Cauca,2020-05-01,nowcast,1.2,0.3,2.3,0.7,1.4,0.38
Cauca,2020-05-02,nowcast,1.2,0.4,2.3,0.7,1.4,0.34
Cauca,2020-05-03,nowcast,1.2,0.4,2.3,0.7,1.5,0.32
Cauca,2020-05-04,nowcast,1.2,0.4,2.3,0.8,1.5,0.31
Cauca,2020-05-05,nowcast,1.2,0.4,2.2,0.8,1.4,0.34
Cauca,2020-05-06,nowcast,1.2,0.4,2.2,0.8,1.5,0.33
Cauca,2020-05-07,nowcast,1.2,0.4,2.1,0.8,1.4,0.36
Cauca,2020-05-08,nowcast,1.1,0.4,2.1,0.8,1.4,0.38
Cauca,2020-05-09,nowcast,1.1,0.3,1.9,0.7,1.3,0.41
Cauca,2020-05-10,nowcast,1.1,0.3,2,0.7,1.3,0.42
Cauca,2020-05-11,nowcast,1.1,0.3,1.9,0.7,1.3,0.42
Cauca,2020-05-12,nowcast,1.1,0.3,2,0.7,1.3,0.42
Cauca,2020-05-13,nowcast,1.1,0.3,1.9,0.7,1.3,0.42
Cauca,2020-05-14,nowcast,1.1,0.3,1.9,0.7,1.3,0.41
Cauca,2020-05-15,nowcast,1.2,0.3,2.1,0.7,1.4,0.37
Cauca,2020-05-16,nowcast,1.2,0.4,2.1,0.8,1.5,0.33
Cauca,2020-05-17,nowcast,1.3,0.4,2.2,0.9,1.5,0.27
Cauca,2020-05-18,nowcast,1.3,0.5,2.3,0.9,1.5,0.25
Cauca,2020-05-19,nowcast,1.3,0.5,2.2,1,1.6,0.22
Cauca,2020-05-20,nowcast,1.4,0.6,2.2,1,1.6,0.18
Cauca,2020-05-21,nowcast,1.4,0.6,2.2,1,1.6,0.18
Cauca,2020-05-22,nowcast,1.4,0.7,2.1,1.1,1.6,0.17
Cauca,2020-05-23,nowcast,1.3,0.6,2.1,1,1.5,0.18
Cauca,2020-05-24,nowcast,1.3,0.7,2.1,1,1.5,0.2
Cauca,2020-05-25,nowcast,1.3,0.7,2,1,1.5,0.19
Cauca,2020-05-26,nowcast,1.3,0.7,1.9,1,1.4,0.2
Cauca,2020-05-27,nowcast,1.2,0.7,1.9,1,1.4,0.22
Cauca,2020-05-28,nowcast,1.2,0.6,1.8,1,1.4,0.25
Cauca,2020-05-29,nowcast,1.2,0.7,1.8,1,1.4,0.24
Cauca,2020-05-30,nowcast,1.2,0.7,1.8,0.9,1.3,0.28
Cauca,2020-05-31,nowcast,1.1,0.6,1.7,0.9,1.3,0.31
Cauca,2020-06-01,nowcast,1.1,0.6,1.6,0.9,1.3,0.33
Cauca,2020-06-02,nowcast,1.1,0.6,1.6,0.9,1.2,0.38
Cauca,2020-06-03,nowcast,1.1,0.6,1.6,0.9,1.2,0.39
Cauca,2020-06-04,nowcast,1.1,0.6,1.5,0.9,1.2,0.41
Cauca,2020-06-05,nowcast,1.1,0.6,1.6,0.9,1.2,0.37
Cauca,2020-06-06,nowcast,1.1,0.7,1.7,0.9,1.3,0.34
Cauca,2020-06-07,nowcast,1.2,0.7,1.6,0.9,1.3,0.28
Cauca,2020-06-08,nowcast,1.2,0.7,1.8,1,1.3,0.22
Cauca,2020-06-09,nowcast,1.2,0.8,1.8,1,1.4,0.17
Cauca,2020-06-10,nowcast,1.2,0.8,1.8,1,1.4,0.16
Cauca,2020-06-11,nowcast,1.3,0.8,1.8,1.1,1.4,0.12
Cauca,2020-06-12,nowcast,1.3,0.8,1.7,1.1,1.4,0.1
Cauca,2020-06-13,nowcast,1.3,0.9,1.7,1.1,1.4,0.11
Cauca,2020-06-14,nowcast,1.3,0.9,1.7,1.1,1.4,0.12
Cauca,2020-06-15,nowcast,1.3,0.8,1.7,1.1,1.4,0.13
Cauca,2020-06-16,nowcast,1.3,0.9,1.7,1.1,1.4,0.12
Cauca,2020-06-17,nowcast,1.3,0.9,1.6,1.1,1.4,0.12
Cauca,2020-06-18,nowcast,1.3,0.9,1.6,1.1,1.4,0.11
Cauca,2020-06-19,nowcast,1.3,0.9,1.7,1.1,1.4,0.09
Cauca,2020-06-20,nowcast,1.3,0.9,1.6,1.1,1.4,0.09
Cauca,2020-06-21,nowcast,1.3,0.9,1.6,1.1,1.4,0.08
Cauca,2020-06-22,nowcast,1.3,0.9,1.6,1.1,1.4,0.08
Cauca,2020-06-23,nowcast,1.3,1,1.6,1.1,1.4,0.07
Cauca,2020-06-24,nowcast,1.3,0.9,1.7,1.1,1.4,0.07
Cesar,2020-04-22,nowcast,0.7,0.2,1.2,0.5,0.9,0.83
Cesar,2020-04-23,nowcast,0.6,0.1,1.2,0.4,0.8,0.85
Cesar,2020-04-24,nowcast,0.6,0.1,1.1,0.4,0.8,0.86
Cesar,2020-04-25,nowcast,0.6,0.1,1.2,0.4,0.8,0.84
Cesar,2020-04-26,nowcast,0.7,0.1,1.4,0.4,0.8,0.78
Cesar,2020-04-27,nowcast,0.7,0.1,1.5,0.4,0.8,0.74
Cesar,2020-04-28,nowcast,0.8,0.2,1.5,0.4,0.9,0.69
Cesar,2020-04-29,nowcast,0.8,0.2,1.7,0.5,1,0.64
Cesar,2020-04-30,nowcast,0.9,0.2,1.7,0.5,1,0.61
Cesar,2020-05-01,nowcast,0.9,0.2,1.7,0.5,1.1,0.6
Cesar,2020-05-02,nowcast,0.9,0.1,1.6,0.5,1.1,0.61
Cesar,2020-05-03,nowcast,0.9,0.1,1.7,0.5,1.2,0.58
Cesar,2020-05-04,nowcast,1,0.1,1.9,0.5,1.2,0.53
Cesar,2020-05-05,nowcast,1,0.2,2.1,0.6,1.3,0.47
Cesar,2020-05-06,nowcast,1.2,0.2,2.2,0.6,1.4,0.39
Cesar,2020-05-07,nowcast,1.3,0.3,2.5,0.8,1.5,0.31
Cesar,2020-05-08,nowcast,1.4,0.4,2.7,0.9,1.7,0.22
Cesar,2020-05-09,nowcast,1.5,0.4,2.7,0.9,1.7,0.16
Cesar,2020-05-10,nowcast,1.6,0.6,2.8,1.2,1.9,0.13
Cesar,2020-05-11,nowcast,1.7,0.7,2.9,1.2,2,0.09
Cesar,2020-05-12,nowcast,1.8,0.8,2.9,1.3,2,0.06
Cesar,2020-05-13,nowcast,1.8,0.9,2.8,1.3,2,0.04
Cesar,2020-05-14,nowcast,1.8,1,2.7,1.4,2,0.03
Cesar,2020-05-15,nowcast,1.7,1,2.6,1.4,2,0.03
Cesar,2020-05-16,nowcast,1.7,1.1,2.6,1.4,2,0.02
Cesar,2020-05-17,nowcast,1.7,1.1,2.5,1.4,1.9,0.02
Cesar,2020-05-18,nowcast,1.7,1.2,2.4,1.5,1.9,0.01
Cesar,2020-05-19,nowcast,1.7,1.1,2.3,1.4,1.9,0.01
Cesar,2020-05-20,nowcast,1.7,1.1,2.2,1.4,1.9,0.01
Cesar,2020-05-21,nowcast,1.6,1.1,2.1,1.4,1.8,0.01
Cesar,2020-05-22,nowcast,1.6,1.1,2,1.3,1.7,0.02
Cesar,2020-05-23,nowcast,1.5,1.1,2,1.3,1.7,0.04
Cesar,2020-05-24,nowcast,1.4,1,1.8,1.3,1.6,0.05
Cesar,2020-05-25,nowcast,1.3,0.9,1.7,1.2,1.5,0.08
Cesar,2020-05-26,nowcast,1.2,0.9,1.6,1.1,1.4,0.15
Cesar,2020-05-27,nowcast,1.1,0.8,1.4,1,1.3,0.26
Cesar,2020-05-28,nowcast,1,0.7,1.4,0.9,1.2,0.42
Cesar,2020-05-29,nowcast,1,0.7,1.2,0.9,1.1,0.56
Cesar,2020-05-30,nowcast,0.9,0.6,1.2,0.8,1,0.7
Cesar,2020-05-31,nowcast,0.9,0.6,1.1,0.8,1,0.8
Cesar,2020-06-01,nowcast,0.9,0.6,1.1,0.8,1,0.85
Cesar,2020-06-02,nowcast,0.8,0.6,1.1,0.8,1,0.86
Cesar,2020-06-03,nowcast,0.9,0.6,1.1,0.7,0.9,0.83
Cesar,2020-06-04,nowcast,0.9,0.6,1.2,0.8,1,0.76
Cesar,2020-06-05,nowcast,0.9,0.6,1.2,0.8,1,0.68
Cesar,2020-06-06,nowcast,1,0.7,1.3,0.8,1,0.58
Cesar,2020-06-07,nowcast,1,0.7,1.3,0.9,1.1,0.48
Cesar,2020-06-08,nowcast,1,0.8,1.4,0.9,1.1,0.39
Cesar,2020-06-09,nowcast,1.1,0.8,1.4,0.9,1.2,0.29
Cesar,2020-06-10,nowcast,1.1,0.8,1.5,1,1.2,0.2
Cesar,2020-06-11,nowcast,1.2,0.9,1.5,1,1.3,0.13
Cesar,2020-06-12,nowcast,1.2,0.9,1.5,1.1,1.3,0.09
Cesar,2020-06-13,nowcast,1.2,1,1.5,1.1,1.3,0.07
Cesar,2020-06-14,nowcast,1.2,1,1.5,1.1,1.3,0.06
Cesar,2020-06-15,nowcast,1.2,1,1.5,1.1,1.3,0.05
Cesar,2020-06-16,nowcast,1.2,1,1.5,1.1,1.3,0.05
Cesar,2020-06-17,nowcast,1.2,1,1.5,1.1,1.3,0.06
Cesar,2020-06-18,nowcast,1.2,1,1.5,1.2,1.3,0.05
Cesar,2020-06-19,nowcast,1.2,1,1.5,1.2,1.3,0.04
Cesar,2020-06-20,nowcast,1.2,1,1.5,1.1,1.3,0.04
Cesar,2020-06-21,nowcast,1.2,1,1.5,1.2,1.3,0.03
Cesar,2020-06-22,nowcast,1.3,1,1.5,1.2,1.3,0.03
Cesar,2020-06-23,nowcast,1.2,1,1.5,1.2,1.3,0.04
Cesar,2020-06-24,nowcast,1.2,1,1.5,1.1,1.3,0.05
Cesar,2020-06-25,forecast,1.2,0.9,1.6,1.1,1.4,0.11
Cesar,2020-06-26,forecast,1.2,0.8,1.6,1.1,1.4,0.15
Cesar,2020-06-27,forecast,1.2,0.8,1.7,1.1,1.4,0.16
Cesar,2020-06-28,forecast,1.2,0.8,1.7,1,1.4,0.18
Cesar,2020-06-29,forecast,1.3,0.8,1.7,1.1,1.5,0.18
Cesar,2020-06-30,forecast,1.3,0.8,1.8,1,1.4,0.2
Cesar,2020-07-01,forecast,1.3,0.7,1.8,1.1,1.5,0.22
Cesar,2020-07-02,forecast,1.3,0.7,1.8,1,1.4,0.22
Cesar,2020-07-03,forecast,1.3,0.7,1.9,1,1.5,0.22
Cesar,2020-07-04,forecast,1.3,0.6,1.9,1,1.5,0.22
Cesar,2020-07-05,forecast,1.3,0.6,1.9,1,1.5,0.25
Cesar,2020-07-06,forecast,1.3,0.6,2,1,1.5,0.24
Cesar,2020-07-07,forecast,1.3,0.6,2,0.9,1.5,0.25
Cesar,2020-07-08,forecast,1.3,0.5,2,1,1.5,0.26
Choco,2020-04-22,nowcast,1.1,0.5,1.8,0.8,1.3,0.39
Choco,2020-04-23,nowcast,1.1,0.5,1.8,0.8,1.3,0.37
Choco,2020-04-24,nowcast,1.1,0.5,1.8,0.9,1.3,0.33
Choco,2020-04-25,nowcast,1.2,0.6,1.9,0.9,1.4,0.28
Choco,2020-04-26,nowcast,1.3,0.6,1.9,1,1.4,0.23
Choco,2020-04-27,nowcast,1.3,0.7,2,1,1.4,0.19
Choco,2020-04-28,nowcast,1.3,0.7,2,1,1.5,0.16
Choco,2020-04-29,nowcast,1.3,0.7,2,1.1,1.5,0.15
Choco,2020-04-30,nowcast,1.3,0.8,2,1.1,1.5,0.15
Choco,2020-05-01,nowcast,1.3,0.8,1.9,1.1,1.6,0.14
Choco,2020-05-02,nowcast,1.3,0.8,1.9,1.1,1.5,0.13
Choco,2020-05-03,nowcast,1.3,0.9,1.9,1.1,1.5,0.1
Choco,2020-05-04,nowcast,1.4,0.8,1.9,1.1,1.5,0.09
Choco,2020-05-05,nowcast,1.4,0.9,2,1.2,1.6,0.05
Choco,2020-05-06,nowcast,1.4,1,2,1.2,1.6,0.04
Choco,2020-05-07,nowcast,1.5,1,2,1.2,1.6,0.03
Choco,2020-05-08,nowcast,1.5,1,1.9,1.3,1.6,0.03
Choco,2020-05-09,nowcast,1.5,1.1,1.9,1.3,1.6,0.02
Choco,2020-05-10,nowcast,1.5,1.1,1.9,1.3,1.6,0.02
Choco,2020-05-11,nowcast,1.5,1,1.9,1.3,1.6,0.02
Choco,2020-05-12,nowcast,1.5,1.1,1.9,1.3,1.6,0.01
Choco,2020-05-13,nowcast,1.5,1.1,1.9,1.3,1.6,0.01
Choco,2020-05-14,nowcast,1.5,1.1,1.8,1.3,1.6,0.01
Choco,2020-05-15,nowcast,1.5,1.1,1.8,1.3,1.6,0.01
Choco,2020-05-16,nowcast,1.4,1.1,1.8,1.3,1.5,0.01
Choco,2020-05-17,nowcast,1.4,1.1,1.7,1.3,1.5,0.01
Choco,2020-05-18,nowcast,1.4,1.1,1.7,1.3,1.5,0.02
Choco,2020-05-19,nowcast,1.3,1.1,1.6,1.2,1.4,0.02
Choco,2020-05-20,nowcast,1.3,1.1,1.6,1.2,1.4,0.02
Choco,2020-05-21,nowcast,1.3,1,1.5,1.2,1.4,0.02
Choco,2020-05-22,nowcast,1.3,1,1.5,1.2,1.4,0.02
Choco,2020-05-23,nowcast,1.2,1,1.5,1.2,1.3,0.03
Choco,2020-05-24,nowcast,1.2,1,1.4,1.1,1.3,0.05
Choco,2020-05-25,nowcast,1.2,1,1.4,1.1,1.3,0.06
Choco,2020-05-26,nowcast,1.2,1,1.4,1.1,1.2,0.09
Choco,2020-05-27,nowcast,1.1,0.9,1.3,1.1,1.2,0.11
Choco,2020-05-28,nowcast,1.1,0.9,1.3,1.1,1.2,0.13
Choco,2020-05-29,nowcast,1.1,0.9,1.3,1,1.2,0.16
Choco,2020-05-30,nowcast,1.1,0.9,1.3,1,1.2,0.16
Choco,2020-05-31,nowcast,1.1,0.9,1.3,1,1.2,0.17
Choco,2020-06-01,nowcast,1.1,0.9,1.3,1,1.1,0.16
Choco,2020-06-02,nowcast,1.1,0.9,1.2,1,1.1,0.17
Choco,2020-06-03,nowcast,1.1,0.9,1.2,1,1.1,0.18
Choco,2020-06-04,nowcast,1.1,0.9,1.2,1,1.1,0.17
Choco,2020-06-05,nowcast,1.1,0.9,1.2,1,1.1,0.16
Choco,2020-06-06,nowcast,1.1,0.9,1.2,1,1.1,0.17
Choco,2020-06-07,nowcast,1.1,0.9,1.2,1,1.1,0.18
Choco,2020-06-08,nowcast,1.1,0.9,1.2,1,1.1,0.2
Choco,2020-06-09,nowcast,1.1,0.9,1.2,1,1.1,0.23
Choco,2020-06-10,nowcast,1,0.9,1.2,1,1.1,0.28
Choco,2020-06-11,nowcast,1,0.9,1.2,1,1.1,0.31
Choco,2020-06-12,nowcast,1,0.9,1.2,1,1.1,0.38
Choco,2020-06-13,nowcast,1,0.9,1.1,1,1.1,0.4
Choco,2020-06-14,nowcast,1,0.9,1.1,1,1.1,0.44
Choco,2020-06-15,nowcast,1,0.9,1.2,1,1.1,0.41
Choco,2020-06-16,nowcast,1,0.9,1.2,1,1.1,0.37
Choco,2020-06-17,nowcast,1,0.9,1.2,1,1.1,0.29
Choco,2020-06-18,nowcast,1.1,0.9,1.2,1,1.1,0.2
Choco,2020-06-19,nowcast,1.1,0.9,1.2,1,1.1,0.15
Choco,2020-06-20,nowcast,1.1,0.9,1.2,1,1.1,0.14
Choco,2020-06-21,nowcast,1.1,0.9,1.2,1,1.1,0.17
Choco,2020-06-22,nowcast,1.1,0.9,1.2,1,1.1,0.21
Choco,2020-06-23,nowcast,1.1,0.9,1.2,1,1.1,0.27
Choco,2020-06-24,nowcast,1,0.9,1.2,1,1.1,0.29
Choco,2020-06-25,forecast,1,0.9,1.2,1,1.1,0.32
Choco,2020-06-26,forecast,1,0.9,1.2,1,1.1,0.32
Choco,2020-06-27,forecast,1.1,0.9,1.3,1,1.1,0.32
Choco,2020-06-28,forecast,1.1,0.9,1.3,1,1.1,0.33
Choco,2020-06-29,forecast,1,0.8,1.3,1,1.1,0.35
Choco,2020-06-30,forecast,1,0.8,1.3,1,1.1,0.36
Choco,2020-07-01,forecast,1,0.8,1.3,1,1.1,0.36
Choco,2020-07-02,forecast,1,0.8,1.3,1,1.1,0.36
Choco,2020-07-03,forecast,1,0.8,1.3,0.9,1.1,0.37
Choco,2020-07-04,forecast,1.1,0.8,1.3,1,1.2,0.37
Choco,2020-07-05,forecast,1.1,0.8,1.3,1,1.2,0.36
Choco,2020-07-06,forecast,1,0.8,1.3,1,1.2,0.38
Choco,2020-07-07,forecast,1,0.8,1.3,0.9,1.1,0.38
Choco,2020-07-08,forecast,1,0.7,1.3,0.9,1.2,0.38
Cordoba,2020-04-22,nowcast,0.8,0.1,1.4,0.5,1,0.67
Cordoba,2020-04-23,nowcast,0.8,0.1,1.5,0.5,1,0.68
Cordoba,2020-04-24,nowcast,0.8,0.1,1.6,0.4,1,0.66
Cordoba,2020-04-25,nowcast,0.8,0.1,1.8,0.4,1,0.61
Cordoba,2020-04-26,nowcast,0.9,0.1,2,0.5,1.1,0.57
Cordoba,2020-04-27,nowcast,1,0.2,2.1,0.5,1.3,0.51
Cordoba,2020-04-28,nowcast,1.1,0.1,2.2,0.6,1.3,0.44
Cordoba,2020-04-29,nowcast,1.2,0.2,2.4,0.6,1.4,0.35
Cordoba,2020-04-30,nowcast,1.3,0.3,2.5,0.8,1.6,0.29
Cordoba,2020-05-01,nowcast,1.4,0.3,2.6,0.9,1.7,0.22
Cordoba,2020-05-02,nowcast,1.5,0.4,2.6,1,1.7,0.19
Cordoba,2020-05-03,nowcast,1.5,0.5,2.7,0.9,1.7,0.18
Cordoba,2020-05-04,nowcast,1.5,0.6,2.6,1,1.8,0.15
Cordoba,2020-05-05,nowcast,1.5,0.6,2.5,1.1,1.7,0.13
Cordoba,2020-05-06,nowcast,1.5,0.7,2.4,1.1,1.7,0.15
Cordoba,2020-05-07,nowcast,1.4,0.6,2.2,1.1,1.7,0.18
Cordoba,2020-05-08,nowcast,1.4,0.6,2.2,1,1.6,0.19
Cordoba,2020-05-09,nowcast,1.3,0.6,2,1,1.6,0.22
Cordoba,2020-05-10,nowcast,1.2,0.6,1.9,1,1.5,0.26
Cordoba,2020-05-11,nowcast,1.2,0.5,1.8,0.9,1.4,0.31
Cordoba,2020-05-12,nowcast,1.1,0.5,1.7,0.8,1.3,0.39
Cordoba,2020-05-13,nowcast,1,0.5,1.6,0.8,1.2,0.47
Cordoba,2020-05-14,nowcast,1,0.4,1.6,0.8,1.2,0.51
Cordoba,2020-05-15,nowcast,1,0.4,1.6,0.7,1.2,0.52
Cordoba,2020-05-16,nowcast,1,0.4,1.6,0.7,1.2,0.5
Cordoba,2020-05-17,nowcast,1.1,0.5,1.7,0.8,1.2,0.44
Cordoba,2020-05-18,nowcast,1.1,0.5,1.9,0.8,1.3,0.35
Cordoba,2020-05-19,nowcast,1.2,0.6,2,0.9,1.4,0.27
Cordoba,2020-05-20,nowcast,1.3,0.6,2,1,1.5,0.19
Cordoba,2020-05-21,nowcast,1.4,0.7,2.1,1.1,1.6,0.14
Cordoba,2020-05-22,nowcast,1.4,0.8,2.1,1.1,1.6,0.1
Cordoba,2020-05-23,nowcast,1.4,0.9,2.1,1.2,1.6,0.09
Cordoba,2020-05-24,nowcast,1.4,0.8,2,1.2,1.6,0.09
Cordoba,2020-05-25,nowcast,1.4,0.9,2,1.2,1.6,0.08
Cordoba,2020-05-26,nowcast,1.4,0.8,1.9,1.2,1.6,0.1
Cordoba,2020-05-27,nowcast,1.3,0.9,1.9,1.1,1.5,0.11
Cordoba,2020-05-28,nowcast,1.3,0.8,1.8,1.1,1.5,0.13
Cordoba,2020-05-29,nowcast,1.3,0.8,1.7,1.1,1.4,0.14
Cordoba,2020-05-30,nowcast,1.2,0.8,1.7,1,1.4,0.18
Cordoba,2020-05-31,nowcast,1.2,0.7,1.6,1,1.3,0.22
Cordoba,2020-06-01,nowcast,1.1,0.7,1.6,1,1.3,0.27
Cordoba,2020-06-02,nowcast,1.1,0.7,1.5,1,1.3,0.29
Cordoba,2020-06-03,nowcast,1.1,0.7,1.5,0.9,1.2,0.31
Cordoba,2020-06-04,nowcast,1.1,0.8,1.5,1,1.3,0.26
Cordoba,2020-06-05,nowcast,1.1,0.8,1.6,1,1.3,0.23
Cordoba,2020-06-06,nowcast,1.2,0.8,1.6,1,1.3,0.17
Cordoba,2020-06-07,nowcast,1.2,0.9,1.7,1.1,1.4,0.11
Cordoba,2020-06-08,nowcast,1.3,1,1.7,1.1,1.4,0.05
Cordoba,2020-06-09,nowcast,1.3,1,1.8,1.1,1.4,0.04
Cordoba,2020-06-10,nowcast,1.3,1,1.7,1.2,1.4,0.03
Cordoba,2020-06-11,nowcast,1.4,1,1.7,1.2,1.4,0.03
Cordoba,2020-06-12,nowcast,1.3,1,1.7,1.2,1.5,0.04
Cordoba,2020-06-13,nowcast,1.3,1,1.6,1.2,1.4,0.04
Cordoba,2020-06-14,nowcast,1.3,1,1.6,1.2,1.4,0.06
Cordoba,2020-06-15,nowcast,1.3,1,1.6,1.2,1.4,0.06
Cordoba,2020-06-16,nowcast,1.3,1,1.5,1.2,1.4,0.07
Cordoba,2020-06-17,nowcast,1.2,1,1.5,1.1,1.3,0.06
Cordoba,2020-06-18,nowcast,1.3,1,1.5,1.1,1.3,0.05
Cordoba,2020-06-19,nowcast,1.3,1,1.6,1.2,1.4,0.03
Cordoba,2020-06-20,nowcast,1.3,1,1.6,1.2,1.4,0.02
Cordoba,2020-06-21,nowcast,1.3,1.1,1.6,1.2,1.4,0.02
Cordoba,2020-06-22,nowcast,1.3,1.1,1.5,1.2,1.4,0.02
Cordoba,2020-06-23,nowcast,1.3,1.1,1.5,1.2,1.4,0.01
Cordoba,2020-06-24,nowcast,1.3,1,1.5,1.2,1.4,0.03
Cordoba,2020-06-25,forecast,1.3,1,1.7,1.1,1.4,0.07
Cordoba,2020-06-26,forecast,1.3,0.9,1.7,1.1,1.4,0.09
Cordoba,2020-06-27,forecast,1.3,0.9,1.7,1.1,1.4,0.1
Cordoba,2020-06-28,forecast,1.3,0.9,1.8,1.1,1.4,0.13
Cordoba,2020-06-29,forecast,1.3,0.8,1.8,1.1,1.5,0.14
Cordoba,2020-06-30,forecast,1.3,0.8,1.8,1.1,1.4,0.15
Cordoba,2020-07-01,forecast,1.3,0.8,1.8,1.1,1.4,0.15
Cordoba,2020-07-02,forecast,1.3,0.7,1.8,1.1,1.5,0.16
Cordoba,2020-07-03,forecast,1.3,0.8,1.9,1.1,1.5,0.17
Cordoba,2020-07-04,forecast,1.3,0.7,1.9,1.1,1.5,0.18
Cordoba,2020-07-05,forecast,1.3,0.7,1.9,1.1,1.5,0.18
Cordoba,2020-07-06,forecast,1.3,0.6,1.9,1.1,1.5,0.19
Cordoba,2020-07-07,forecast,1.3,0.7,1.9,1,1.5,0.21
Cordoba,2020-07-08,forecast,1.3,0.6,1.9,1,1.5,0.2
Cundinamarca,2020-04-22,nowcast,0.6,0.3,0.9,0.4,0.7,0.98
Cundinamarca,2020-04-23,nowcast,0.6,0.3,0.9,0.5,0.7,0.97
Cundinamarca,2020-04-24,nowcast,0.6,0.3,0.9,0.5,0.7,0.96
Cundinamarca,2020-04-25,nowcast,0.7,0.3,1,0.5,0.7,0.9
Cundinamarca,2020-04-26,nowcast,0.7,0.4,1.2,0.6,0.8,0.83
Cundinamarca,2020-04-27,nowcast,0.8,0.4,1.3,0.5,0.9,0.75
Cundinamarca,2020-04-28,nowcast,0.9,0.5,1.4,0.6,0.9,0.67
Cundinamarca,2020-04-29,nowcast,0.9,0.5,1.5,0.7,1.1,0.58
Cundinamarca,2020-04-30,nowcast,1,0.6,1.5,0.8,1.2,0.49
Cundinamarca,2020-05-01,nowcast,1.1,0.6,1.6,0.8,1.2,0.39
Cundinamarca,2020-05-02,nowcast,1.1,0.7,1.6,0.9,1.2,0.32
Cundinamarca,2020-05-03,nowcast,1.2,0.7,1.7,0.9,1.3,0.23
Cundinamarca,2020-05-04,nowcast,1.2,0.8,1.8,1,1.4,0.17
Cundinamarca,2020-05-05,nowcast,1.3,0.8,1.8,1.1,1.4,0.12
Cundinamarca,2020-05-06,nowcast,1.3,0.9,1.8,1.1,1.4,0.1
Cundinamarca,2020-05-07,nowcast,1.3,0.9,1.8,1.1,1.4,0.08
Cundinamarca,2020-05-08,nowcast,1.3,0.9,1.8,1.1,1.5,0.06
Cundinamarca,2020-05-09,nowcast,1.4,1,1.8,1.2,1.5,0.06
Cundinamarca,2020-05-10,nowcast,1.4,1,1.8,1.2,1.5,0.05
Cundinamarca,2020-05-11,nowcast,1.4,1,1.8,1.2,1.5,0.04
Cundinamarca,2020-05-12,nowcast,1.4,1.1,1.8,1.2,1.5,0.02
Cundinamarca,2020-05-13,nowcast,1.4,1,1.8,1.3,1.5,0.02
Cundinamarca,2020-05-14,nowcast,1.4,1.1,1.8,1.3,1.6,0.01
Cundinamarca,2020-05-15,nowcast,1.4,1.1,1.8,1.3,1.6,0.01
Cundinamarca,2020-05-16,nowcast,1.5,1.1,1.8,1.3,1.6,0.01
Cundinamarca,2020-05-17,nowcast,1.4,1.1,1.8,1.3,1.6,0
Cundinamarca,2020-05-18,nowcast,1.4,1.1,1.8,1.3,1.5,0.01
Cundinamarca,2020-05-19,nowcast,1.4,1.1,1.7,1.3,1.5,0.01
Cundinamarca,2020-05-20,nowcast,1.4,1.1,1.7,1.2,1.5,0.01
Cundinamarca,2020-05-21,nowcast,1.3,1.1,1.6,1.2,1.4,0.03
Cundinamarca,2020-05-22,nowcast,1.3,1,1.5,1.2,1.4,0.05
Cundinamarca,2020-05-23,nowcast,1.2,1,1.5,1.1,1.3,0.07
Cundinamarca,2020-05-24,nowcast,1.2,0.9,1.4,1.1,1.3,0.12
Cundinamarca,2020-05-25,nowcast,1.1,0.9,1.3,1,1.2,0.16
Cundinamarca,2020-05-26,nowcast,1.1,0.9,1.3,1,1.2,0.21
Cundinamarca,2020-05-27,nowcast,1.1,0.9,1.3,1,1.1,0.25
Cundinamarca,2020-05-28,nowcast,1.1,0.9,1.2,1,1.1,0.28
Cundinamarca,2020-05-29,nowcast,1.1,0.9,1.2,1,1.1,0.31
Cundinamarca,2020-05-30,nowcast,1,0.9,1.2,1,1.1,0.32
Cundinamarca,2020-05-31,nowcast,1,0.9,1.2,1,1.1,0.33
Cundinamarca,2020-06-01,nowcast,1,0.9,1.2,1,1.1,0.36
Cundinamarca,2020-06-02,nowcast,1,0.9,1.2,1,1.1,0.36
Cundinamarca,2020-06-03,nowcast,1,0.8,1.2,1,1.1,0.4
Cundinamarca,2020-06-04,nowcast,1,0.9,1.2,1,1.1,0.43
Cundinamarca,2020-06-05,nowcast,1,0.9,1.2,1,1.1,0.45
Cundinamarca,2020-06-06,nowcast,1,0.8,1.1,0.9,1.1,0.52
Cundinamarca,2020-06-07,nowcast,1,0.8,1.1,0.9,1,0.56
Cundinamarca,2020-06-08,nowcast,1,0.8,1.1,0.9,1,0.6
Cundinamarca,2020-06-09,nowcast,1,0.8,1.1,0.9,1,0.58
Cundinamarca,2020-06-10,nowcast,1,0.8,1.2,0.9,1,0.55
Cundinamarca,2020-06-11,nowcast,1,0.8,1.2,0.9,1.1,0.48
Cundinamarca,2020-06-12,nowcast,1,0.9,1.2,0.9,1.1,0.35
Cundinamarca,2020-06-13,nowcast,1.1,0.9,1.3,1,1.1,0.25
Cundinamarca,2020-06-14,nowcast,1.1,0.9,1.3,1,1.1,0.14
Cundinamarca,2020-06-15,nowcast,1.1,0.9,1.3,1,1.2,0.09
Cundinamarca,2020-06-16,nowcast,1.2,1,1.4,1.1,1.2,0.05
Cundinamarca,2020-06-17,nowcast,1.2,1,1.4,1.1,1.2,0.02
Cundinamarca,2020-06-18,nowcast,1.2,1,1.4,1.1,1.2,0.02
Cundinamarca,2020-06-19,nowcast,1.2,1,1.4,1.1,1.2,0.01
Cundinamarca,2020-06-20,nowcast,1.2,1.1,1.4,1.1,1.3,0.02
Cundinamarca,2020-06-21,nowcast,1.2,1,1.4,1.1,1.3,0.02
Cundinamarca,2020-06-22,nowcast,1.2,1,1.4,1.1,1.3,0.02
Cundinamarca,2020-06-23,nowcast,1.2,1,1.3,1.1,1.2,0.04
Cundinamarca,2020-06-24,nowcast,1.2,1,1.3,1.1,1.2,0.06
Cundinamarca,2020-06-25,forecast,1.2,1,1.4,1.1,1.3,0.09
Cundinamarca,2020-06-26,forecast,1.2,0.9,1.4,1.1,1.3,0.11
Cundinamarca,2020-06-27,forecast,1.2,0.9,1.5,1.1,1.3,0.14
Cundinamarca,2020-06-28,forecast,1.2,0.9,1.5,1.1,1.3,0.15
Cundinamarca,2020-06-29,forecast,1.2,0.8,1.5,1.1,1.3,0.17
Cundinamarca,2020-06-30,forecast,1.2,0.8,1.5,1,1.3,0.19
Cundinamarca,2020-07-01,forecast,1.2,0.8,1.6,1,1.3,0.2
Cundinamarca,2020-07-02,forecast,1.2,0.8,1.5,1,1.3,0.2
Cundinamarca,2020-07-03,forecast,1.2,0.8,1.6,1,1.3,0.21
Cundinamarca,2020-07-04,forecast,1.2,0.8,1.6,1.1,1.4,0.22
Cundinamarca,2020-07-05,forecast,1.2,0.8,1.6,1,1.4,0.22
Cundinamarca,2020-07-06,forecast,1.2,0.7,1.6,1,1.4,0.21
Cundinamarca,2020-07-07,forecast,1.2,0.7,1.7,1,1.4,0.23
Cundinamarca,2020-07-08,forecast,1.2,0.7,1.7,1,1.4,0.24
Huila,2020-04-22,nowcast,0.8,0.4,1.2,0.7,1,0.75
Huila,2020-04-23,nowcast,0.8,0.4,1.2,0.6,0.9,0.76
Huila,2020-04-24,nowcast,0.8,0.4,1.3,0.7,1,0.75
Huila,2020-04-25,nowcast,0.8,0.4,1.3,0.6,0.9,0.75
Huila,2020-04-26,nowcast,0.8,0.5,1.3,0.6,1,0.73
Huila,2020-04-27,nowcast,0.9,0.4,1.3,0.7,1,0.72
Huila,2020-04-28,nowcast,0.9,0.4,1.3,0.7,1,0.7
Huila,2020-04-29,nowcast,0.9,0.4,1.4,0.7,1,0.67
Huila,2020-04-30,nowcast,0.9,0.5,1.5,0.7,1.1,0.64
Huila,2020-05-01,nowcast,1,0.4,1.5,0.7,1.1,0.56
Huila,2020-05-02,nowcast,1,0.5,1.6,0.8,1.2,0.51
Huila,2020-05-03,nowcast,1,0.6,1.7,0.8,1.2,0.44
Huila,2020-05-04,nowcast,1.1,0.6,1.7,0.9,1.2,0.4
Huila,2020-05-05,nowcast,1.1,0.6,1.6,0.9,1.2,0.41
Huila,2020-05-06,nowcast,1,0.5,1.6,0.8,1.2,0.45
Huila,2020-05-07,nowcast,1,0.5,1.5,0.8,1.1,0.5
Huila,2020-05-08,nowcast,0.9,0.4,1.4,0.8,1.1,0.57
Huila,2020-05-09,nowcast,0.9,0.4,1.3,0.7,1.1,0.64
Huila,2020-05-10,nowcast,0.9,0.4,1.4,0.7,1.1,0.67
Huila,2020-05-11,nowcast,0.9,0.4,1.3,0.6,1,0.71
Huila,2020-05-12,nowcast,0.8,0.3,1.3,0.6,1,0.72
Huila,2020-05-13,nowcast,0.8,0.4,1.3,0.6,1,0.73
Huila,2020-05-14,nowcast,0.8,0.3,1.3,0.6,1,0.73
Huila,2020-05-15,nowcast,0.8,0.3,1.4,0.6,1,0.71
Huila,2020-05-16,nowcast,0.8,0.3,1.4,0.6,1,0.69
Huila,2020-05-17,nowcast,0.8,0.4,1.4,0.6,1,0.7
Huila,2020-05-18,nowcast,0.8,0.3,1.4,0.6,1,0.72
Huila,2020-05-19,nowcast,0.8,0.3,1.4,0.6,1,0.71
Huila,2020-05-20,nowcast,0.8,0.3,1.4,0.6,1,0.71
Huila,2020-05-21,nowcast,0.8,0.3,1.4,0.5,1,0.73
Huila,2020-05-22,nowcast,0.8,0.2,1.4,0.6,1,0.73
Huila,2020-05-23,nowcast,0.8,0.2,1.4,0.5,0.9,0.72
Huila,2020-05-24,nowcast,0.8,0.2,1.4,0.5,1,0.72
Huila,2020-05-25,nowcast,0.8,0.2,1.5,0.5,0.9,0.71
Huila,2020-05-26,nowcast,0.8,0.1,1.5,0.5,1,0.7
Huila,2020-05-27,nowcast,0.8,0.1,1.5,0.4,1,0.68
Huila,2020-05-28,nowcast,0.9,0.2,1.7,0.5,1,0.63
Huila,2020-05-29,nowcast,0.9,0.2,1.8,0.5,1.1,0.58
Huila,2020-05-30,nowcast,1,0.2,2,0.6,1.2,0.5
Huila,2020-05-31,nowcast,1.1,0.3,2.1,0.6,1.2,0.43
Huila,2020-06-01,nowcast,1.2,0.4,2.3,0.7,1.4,0.36
Huila,2020-06-02,nowcast,1.2,0.3,2.3,0.8,1.5,0.32
Huila,2020-06-03,nowcast,1.3,0.5,2.3,0.9,1.6,0.27
Huila,2020-06-04,nowcast,1.3,0.5,2.3,0.9,1.5,0.23
Huila,2020-06-05,nowcast,1.3,0.5,2.3,0.9,1.6,0.24
Huila,2020-06-06,nowcast,1.3,0.5,2.2,0.9,1.6,0.23
Huila,2020-06-07,nowcast,1.3,0.5,2.1,0.9,1.5,0.24
Huila,2020-06-08,nowcast,1.3,0.6,2.1,0.9,1.5,0.25
Huila,2020-06-09,nowcast,1.3,0.6,2,0.9,1.5,0.26
Huila,2020-06-10,nowcast,1.2,0.5,1.9,0.9,1.5,0.27
Huila,2020-06-11,nowcast,1.2,0.6,2,0.9,1.5,0.27
Huila,2020-06-12,nowcast,1.2,0.5,1.9,1,1.5,0.27
Huila,2020-06-13,nowcast,1.2,0.6,1.9,0.9,1.4,0.28
Huila,2020-06-14,nowcast,1.2,0.5,1.9,0.9,1.4,0.27
Huila,2020-06-15,nowcast,1.2,0.6,1.9,0.9,1.4,0.3
Huila,2020-06-16,nowcast,1.2,0.6,1.8,0.9,1.4,0.3
Huila,2020-06-17,nowcast,1.2,0.6,1.8,0.9,1.4,0.3
Huila,2020-06-18,nowcast,1.2,0.6,1.8,0.9,1.4,0.29
Huila,2020-06-19,nowcast,1.2,0.6,1.9,0.9,1.3,0.29
Huila,2020-06-20,nowcast,1.2,0.6,1.8,0.9,1.4,0.27
Huila,2020-06-21,nowcast,1.2,0.7,1.9,1,1.4,0.23
Huila,2020-06-22,nowcast,1.3,0.7,2,1,1.5,0.16
Huila,2020-06-23,nowcast,1.4,0.8,2.1,1.1,1.6,0.13
Huila,2020-06-24,nowcast,1.4,0.8,2.1,1.1,1.6,0.09
La guajira,2020-05-10,nowcast,1,0.3,1.7,0.7,1.2,0.5
La guajira,2020-05-11,nowcast,1,0.3,1.7,0.6,1.2,0.55
La guajira,2020-05-12,nowcast,0.9,0.2,1.6,0.6,1.1,0.61
La guajira,2020-05-13,nowcast,0.9,0.2,1.5,0.6,1.1,0.64
La guajira,2020-05-14,nowcast,0.8,0.1,1.5,0.5,1,0.66
La guajira,2020-05-15,nowcast,0.8,0.1,1.5,0.5,1,0.67
La guajira,2020-05-16,nowcast,0.9,0.1,1.7,0.5,1.1,0.59
La guajira,2020-05-17,nowcast,1,0.2,1.9,0.5,1.2,0.53
La guajira,2020-05-18,nowcast,1.1,0.2,2.1,0.6,1.2,0.46
La guajira,2020-05-19,nowcast,1.2,0.3,2.3,0.7,1.4,0.38
La guajira,2020-05-20,nowcast,1.2,0.4,2.3,0.8,1.5,0.32
La guajira,2020-05-21,nowcast,1.3,0.4,2.3,0.9,1.6,0.26
La guajira,2020-05-22,nowcast,1.4,0.5,2.4,0.9,1.6,0.24
La guajira,2020-05-23,nowcast,1.4,0.5,2.4,0.9,1.6,0.21
La guajira,2020-05-24,nowcast,1.4,0.6,2.5,1,1.7,0.18
La guajira,2020-05-25,nowcast,1.4,0.6,2.5,1.1,1.7,0.17
La guajira,2020-05-26,nowcast,1.4,0.6,2.3,1.1,1.7,0.15
La guajira,2020-05-27,nowcast,1.4,0.6,2.3,1.1,1.7,0.14
La guajira,2020-05-28,nowcast,1.4,0.7,2.3,1.1,1.6,0.14
La guajira,2020-05-29,nowcast,1.4,0.8,2.2,1.1,1.6,0.13
La guajira,2020-05-30,nowcast,1.4,0.7,2.1,1.1,1.6,0.14
La guajira,2020-05-31,nowcast,1.4,0.7,2,1.1,1.6,0.14
La guajira,2020-06-01,nowcast,1.3,0.7,2,1,1.5,0.17
La guajira,2020-06-02,nowcast,1.3,0.7,1.8,1.1,1.5,0.21
La guajira,2020-06-03,nowcast,1.2,0.7,1.8,1,1.4,0.24
La guajira,2020-06-04,nowcast,1.2,0.7,1.7,0.9,1.3,0.27
La guajira,2020-06-05,nowcast,1.2,0.7,1.7,1,1.4,0.27
La guajira,2020-06-06,nowcast,1.2,0.7,1.8,1,1.3,0.23
La guajira,2020-06-07,nowcast,1.2,0.8,1.8,1,1.4,0.17
La guajira,2020-06-08,nowcast,1.3,0.8,1.9,1.1,1.4,0.12
La guajira,2020-06-09,nowcast,1.4,0.9,1.9,1.1,1.5,0.08
La guajira,2020-06-10,nowcast,1.4,0.9,1.9,1.2,1.5,0.07
La guajira,2020-06-11,nowcast,1.4,0.9,1.9,1.2,1.6,0.04
La guajira,2020-06-12,nowcast,1.4,1,1.9,1.2,1.5,0.05
La guajira,2020-06-13,nowcast,1.4,1,1.9,1.2,1.5,0.04
La guajira,2020-06-14,nowcast,1.4,1,1.8,1.2,1.5,0.04
La guajira,2020-06-15,nowcast,1.4,1,1.8,1.2,1.5,0.04
La guajira,2020-06-16,nowcast,1.4,1,1.8,1.3,1.6,0.03
La guajira,2020-06-17,nowcast,1.4,1,1.8,1.3,1.5,0.03
La guajira,2020-06-18,nowcast,1.4,1,1.7,1.2,1.5,0.03
La guajira,2020-06-19,nowcast,1.4,1,1.7,1.2,1.5,0.03
La guajira,2020-06-20,nowcast,1.4,1,1.7,1.2,1.5,0.03
La guajira,2020-06-21,nowcast,1.4,1,1.7,1.2,1.5,0.02
La guajira,2020-06-22,nowcast,1.4,1.1,1.7,1.2,1.5,0.02
La guajira,2020-06-23,nowcast,1.3,1,1.6,1.2,1.5,0.02
La guajira,2020-06-24,nowcast,1.3,1,1.6,1.2,1.4,0.04
La guajira,2020-06-25,forecast,1.3,0.9,1.8,1.1,1.5,0.09
La guajira,2020-06-26,forecast,1.3,0.8,1.8,1.1,1.5,0.12
La guajira,2020-06-27,forecast,1.3,0.8,1.9,1.1,1.5,0.12
La guajira,2020-06-28,forecast,1.4,0.8,1.9,1.1,1.5,0.14
La guajira,2020-06-29,forecast,1.3,0.8,2,1.1,1.6,0.15
La guajira,2020-06-30,forecast,1.3,0.7,2,1.1,1.6,0.18
La guajira,2020-07-01,forecast,1.3,0.7,2,1.1,1.6,0.18
La guajira,2020-07-02,forecast,1.3,0.6,2,1.1,1.6,0.19
La guajira,2020-07-03,forecast,1.4,0.7,2.1,1.1,1.6,0.18
La guajira,2020-07-04,forecast,1.4,0.6,2.2,1.1,1.6,0.2
La guajira,2020-07-05,forecast,1.3,0.6,2.1,1,1.5,0.21
La guajira,2020-07-06,forecast,1.4,0.6,2.2,1,1.6,0.22
La guajira,2020-07-07,forecast,1.4,0.5,2.2,1.1,1.7,0.22
La guajira,2020-07-08,forecast,1.3,0.5,2.2,1,1.7,0.23
Magdalena,2020-04-22,nowcast,0.8,0.5,1.2,0.7,1,0.82
Magdalena,2020-04-23,nowcast,0.8,0.5,1.1,0.7,0.9,0.82
Magdalena,2020-04-24,nowcast,0.8,0.5,1.2,0.7,1,0.79
Magdalena,2020-04-25,nowcast,0.9,0.6,1.2,0.7,1,0.73
Magdalena,2020-04-26,nowcast,0.9,0.6,1.3,0.7,1,0.71
Magdalena,2020-04-27,nowcast,0.9,0.6,1.3,0.7,1,0.68
Magdalena,2020-04-28,nowcast,0.9,0.6,1.3,0.8,1,0.65
Magdalena,2020-04-29,nowcast,0.9,0.6,1.3,0.8,1,0.64
Magdalena,2020-04-30,nowcast,1,0.6,1.4,0.8,1.1,0.58
Magdalena,2020-05-01,nowcast,1,0.7,1.4,0.8,1.1,0.52
Magdalena,2020-05-02,nowcast,1,0.7,1.5,0.8,1.1,0.41
Magdalena,2020-05-03,nowcast,1.1,0.7,1.6,0.9,1.2,0.3
Magdalena,2020-05-04,nowcast,1.2,0.8,1.7,1,1.3,0.2
Magdalena,2020-05-05,nowcast,1.2,0.8,1.7,1,1.3,0.14
Magdalena,2020-05-06,nowcast,1.2,0.8,1.6,1.1,1.4,0.11
Magdalena,2020-05-07,nowcast,1.3,0.9,1.7,1.1,1.4,0.11
Magdalena,2020-05-08,nowcast,1.2,0.9,1.6,1.1,1.4,0.14
Magdalena,2020-05-09,nowcast,1.2,0.8,1.6,1,1.3,0.19
Magdalena,2020-05-10,nowcast,1.1,0.8,1.5,1,1.2,0.26
Magdalena,2020-05-11,nowcast,1.1,0.7,1.4,1,1.2,0.34
Magdalena,2020-05-12,nowcast,1,0.7,1.3,0.9,1.1,0.46
Magdalena,2020-05-13,nowcast,1,0.6,1.3,0.9,1.1,0.52
Magdalena,2020-05-14,nowcast,1,0.7,1.3,0.9,1.1,0.56
Magdalena,2020-05-15,nowcast,1,0.7,1.2,0.9,1.1,0.58
Magdalena,2020-05-16,nowcast,1,0.7,1.3,0.8,1.1,0.57
Magdalena,2020-05-17,nowcast,1,0.7,1.3,0.9,1.1,0.51
Magdalena,2020-05-18,nowcast,1,0.7,1.4,0.9,1.1,0.44
Magdalena,2020-05-19,nowcast,1.1,0.7,1.4,0.9,1.1,0.38
Magdalena,2020-05-20,nowcast,1.1,0.8,1.5,0.9,1.2,0.32
Magdalena,2020-05-21,nowcast,1.1,0.8,1.5,1,1.2,0.25
Magdalena,2020-05-22,nowcast,1.1,0.8,1.5,1,1.2,0.2
Magdalena,2020-05-23,nowcast,1.2,0.8,1.5,1,1.3,0.18
Magdalena,2020-05-24,nowcast,1.2,0.9,1.5,1,1.3,0.15
Magdalena,2020-05-25,nowcast,1.2,0.9,1.5,1,1.3,0.14
Magdalena,2020-05-26,nowcast,1.2,0.9,1.5,1,1.3,0.15
Magdalena,2020-05-27,nowcast,1.2,0.8,1.4,1,1.3,0.17
Magdalena,2020-05-28,nowcast,1.1,0.9,1.4,1,1.2,0.18
Magdalena,2020-05-29,nowcast,1.1,0.9,1.4,1,1.2,0.19
Magdalena,2020-05-30,nowcast,1.1,0.8,1.4,1,1.2,0.21
Magdalena,2020-05-31,nowcast,1.1,0.8,1.4,1,1.2,0.22
Magdalena,2020-06-01,nowcast,1.1,0.8,1.4,1,1.2,0.21
Magdalena,2020-06-02,nowcast,1.1,0.9,1.4,1,1.2,0.18
Magdalena,2020-06-03,nowcast,1.2,0.9,1.5,1,1.2,0.14
Magdalena,2020-06-04,nowcast,1.2,0.9,1.5,1.1,1.3,0.09
Magdalena,2020-06-05,nowcast,1.2,1,1.5,1.1,1.3,0.06
Magdalena,2020-06-06,nowcast,1.2,1,1.5,1.1,1.3,0.04
Magdalena,2020-06-07,nowcast,1.3,1,1.5,1.2,1.4,0.03
Magdalena,2020-06-08,nowcast,1.3,1,1.5,1.2,1.4,0.03
Magdalena,2020-06-09,nowcast,1.3,1,1.5,1.2,1.3,0.03
Magdalena,2020-06-10,nowcast,1.3,1,1.5,1.2,1.4,0.04
Magdalena,2020-06-11,nowcast,1.3,1,1.5,1.2,1.3,0.04
Magdalena,2020-06-12,nowcast,1.2,1,1.5,1.2,1.3,0.04
Magdalena,2020-06-13,nowcast,1.2,1,1.4,1.2,1.3,0.04
Magdalena,2020-06-14,nowcast,1.2,1,1.4,1.1,1.3,0.04
Magdalena,2020-06-15,nowcast,1.2,1,1.4,1.1,1.3,0.05
Magdalena,2020-06-16,nowcast,1.2,1,1.4,1.1,1.3,0.06
Magdalena,2020-06-17,nowcast,1.2,1,1.4,1.1,1.2,0.07
Magdalena,2020-06-18,nowcast,1.2,1,1.4,1.1,1.2,0.07
Magdalena,2020-06-19,nowcast,1.1,1,1.3,1.1,1.2,0.09
Magdalena,2020-06-20,nowcast,1.1,1,1.3,1.1,1.2,0.1
Magdalena,2020-06-21,nowcast,1.1,0.9,1.3,1.1,1.2,0.13
Magdalena,2020-06-22,nowcast,1.1,0.9,1.3,1,1.2,0.18
Magdalena,2020-06-23,nowcast,1.1,0.9,1.2,1,1.1,0.26
Magdalena,2020-06-24,nowcast,1,0.8,1.2,1,1.1,0.39
Magdalena,2020-06-25,forecast,1.1,0.8,1.3,1,1.2,0.35
Magdalena,2020-06-26,forecast,1.1,0.8,1.3,1,1.2,0.36
Magdalena,2020-06-27,forecast,1.1,0.7,1.4,0.9,1.2,0.37
Magdalena,2020-06-28,forecast,1.1,0.7,1.4,0.9,1.2,0.37
Magdalena,2020-06-29,forecast,1.1,0.7,1.4,0.9,1.2,0.39
Magdalena,2020-06-30,forecast,1.1,0.7,1.4,0.9,1.2,0.4
Magdalena,2020-07-01,forecast,1.1,0.7,1.4,0.9,1.2,0.39
Magdalena,2020-07-02,forecast,1.1,0.6,1.5,0.9,1.2,0.4
Magdalena,2020-07-03,forecast,1.1,0.6,1.5,0.9,1.2,0.41
Magdalena,2020-07-04,forecast,1,0.6,1.5,0.9,1.2,0.43
Magdalena,2020-07-05,forecast,1.1,0.6,1.5,0.9,1.2,0.43
Magdalena,2020-07-06,forecast,1.1,0.6,1.5,0.9,1.2,0.41
Magdalena,2020-07-07,forecast,1,0.5,1.5,0.9,1.3,0.44
Magdalena,2020-07-08,forecast,1.1,0.5,1.5,0.9,1.3,0.43
Meta,2020-04-22,nowcast,1.2,0.9,1.5,1.1,1.3,0.11
Meta,2020-04-23,nowcast,1.2,0.9,1.4,1,1.2,0.16
Meta,2020-04-24,nowcast,1.1,0.9,1.4,1,1.2,0.18
Meta,2020-04-25,nowcast,1.1,0.9,1.3,1,1.2,0.25
Meta,2020-04-26,nowcast,1.1,0.9,1.3,1,1.2,0.31
Meta,2020-04-27,nowcast,1,0.8,1.2,0.9,1.1,0.39
Meta,2020-04-28,nowcast,1,0.8,1.2,0.9,1.1,0.51
Meta,2020-04-29,nowcast,1,0.7,1.1,0.9,1,0.66
Meta,2020-04-30,nowcast,0.9,0.7,1.1,0.8,1,0.8
Meta,2020-05-01,nowcast,0.8,0.6,1,0.8,0.9,0.91
Meta,2020-05-02,nowcast,0.8,0.5,1,0.7,0.9,0.97
Meta,2020-05-03,nowcast,0.7,0.5,0.9,0.6,0.8,0.99
Meta,2020-05-04,nowcast,0.6,0.4,0.8,0.5,0.7,1
Meta,2020-05-05,nowcast,0.5,0.3,0.7,0.4,0.6,1
Meta,2020-05-06,nowcast,0.4,0.2,0.7,0.4,0.5,1
Meta,2020-05-07,nowcast,0.4,0.2,0.6,0.3,0.5,1
Meta,2020-05-08,nowcast,0.3,0.1,0.5,0.2,0.4,1
Meta,2020-05-09,nowcast,0.3,0.1,0.5,0.2,0.4,1
Meta,2020-05-10,nowcast,0.3,0.1,0.5,0.2,0.4,1
Meta,2020-05-11,nowcast,0.3,0.1,0.5,0.2,0.4,0.99
Meta,2020-05-12,nowcast,0.3,0.1,0.7,0.2,0.4,0.98
Meta,2020-05-13,nowcast,0.4,0.1,0.8,0.2,0.4,0.96
Meta,2020-05-14,nowcast,0.4,0.1,0.9,0.2,0.5,0.94
Meta,2020-05-15,nowcast,0.4,0.1,1,0.2,0.5,0.92
Meta,2020-05-16,nowcast,0.5,0.1,1.1,0.3,0.6,0.9
Meta,2020-05-17,nowcast,0.5,0.1,1.1,0.3,0.6,0.89
Meta,2020-05-18,nowcast,0.6,0.1,1.1,0.3,0.6,0.87
Meta,2020-05-19,nowcast,0.6,0.1,1.3,0.3,0.7,0.82
Meta,2020-05-20,nowcast,0.7,0.2,1.3,0.3,0.8,0.79
Meta,2020-05-21,nowcast,0.7,0.2,1.5,0.4,0.9,0.74
Meta,2020-05-22,nowcast,0.8,0.2,1.6,0.4,0.9,0.68
Meta,2020-05-23,nowcast,0.9,0.2,1.8,0.4,1,0.59
Meta,2020-05-24,nowcast,1,0.3,1.9,0.5,1.1,0.51
Meta,2020-05-25,nowcast,1.1,0.3,2.2,0.6,1.3,0.43
Meta,2020-05-26,nowcast,1.2,0.4,2.1,0.8,1.4,0.37
Meta,2020-05-27,nowcast,1.2,0.5,2.2,0.8,1.4,0.3
Meta,2020-05-28,nowcast,1.3,0.5,2.3,0.9,1.5,0.25
Meta,2020-05-29,nowcast,1.4,0.6,2.3,1,1.6,0.21
Meta,2020-05-30,nowcast,1.4,0.6,2.2,1,1.6,0.19
Meta,2020-05-31,nowcast,1.4,0.6,2.2,1,1.6,0.17
Meta,2020-06-01,nowcast,1.4,0.7,2.2,1.1,1.6,0.16
Meta,2020-06-02,nowcast,1.4,0.6,2.1,1,1.6,0.16
Meta,2020-06-03,nowcast,1.4,0.7,2.1,1,1.6,0.14
Meta,2020-06-04,nowcast,1.4,0.7,2.1,1.1,1.6,0.14
Meta,2020-06-05,nowcast,1.4,0.8,2.1,1.1,1.6,0.11
Meta,2020-06-06,nowcast,1.4,0.8,2.1,1.1,1.6,0.11
Meta,2020-06-07,nowcast,1.4,0.8,2.1,1.2,1.6,0.09
Meta,2020-06-08,nowcast,1.4,0.9,2.1,1.2,1.6,0.08
Meta,2020-06-09,nowcast,1.4,0.9,2.1,1.2,1.6,0.07
Meta,2020-06-10,nowcast,1.4,0.9,2,1.2,1.6,0.08
Meta,2020-06-11,nowcast,1.4,0.9,2,1.2,1.6,0.06
Meta,2020-06-12,nowcast,1.4,0.9,2,1.2,1.6,0.06
Meta,2020-06-13,nowcast,1.4,1,1.9,1.2,1.6,0.05
Meta,2020-06-14,nowcast,1.4,1,1.9,1.2,1.5,0.06
Meta,2020-06-15,nowcast,1.4,0.9,1.8,1.2,1.5,0.08
Meta,2020-06-16,nowcast,1.3,0.9,1.7,1.2,1.5,0.09
Meta,2020-06-17,nowcast,1.3,0.9,1.6,1.1,1.4,0.13
Meta,2020-06-18,nowcast,1.2,0.9,1.6,1.1,1.3,0.16
Meta,2020-06-19,nowcast,1.2,0.8,1.5,1,1.3,0.19
Meta,2020-06-20,nowcast,1.1,0.8,1.5,1,1.2,0.23
Meta,2020-06-21,nowcast,1.1,0.8,1.4,1,1.3,0.29
Meta,2020-06-22,nowcast,1.1,0.8,1.4,1,1.2,0.3
Meta,2020-06-23,nowcast,1.1,0.8,1.4,1,1.2,0.29
Meta,2020-06-24,nowcast,1.1,0.8,1.4,1,1.2,0.27
Narino,2020-04-22,nowcast,1.2,0.8,1.6,1,1.3,0.24
Narino,2020-04-23,nowcast,1.2,0.8,1.5,1,1.3,0.23
Narino,2020-04-24,nowcast,1.2,0.8,1.5,1,1.3,0.2
Narino,2020-04-25,nowcast,1.2,0.9,1.6,1,1.3,0.16
Narino,2020-04-26,nowcast,1.2,0.9,1.6,1,1.3,0.15
Narino,2020-04-27,nowcast,1.2,0.8,1.5,1.1,1.3,0.15
Narino,2020-04-28,nowcast,1.2,0.8,1.5,1,1.3,0.16
Narino,2020-04-29,nowcast,1.2,0.8,1.5,1.1,1.3,0.18
Narino,2020-04-30,nowcast,1.1,0.8,1.5,1,1.3,0.2
Narino,2020-05-01,nowcast,1.1,0.8,1.4,1,1.2,0.23
Narino,2020-05-02,nowcast,1.1,0.8,1.5,1,1.2,0.2
Narino,2020-05-03,nowcast,1.1,0.8,1.5,1,1.3,0.19
Narino,2020-05-04,nowcast,1.2,0.9,1.5,1,1.3,0.14
Narino,2020-05-05,nowcast,1.2,0.9,1.5,1.1,1.3,0.1
Narino,2020-05-06,nowcast,1.2,1,1.6,1.1,1.3,0.06
Narino,2020-05-07,nowcast,1.3,1,1.6,1.1,1.4,0.05
Narino,2020-05-08,nowcast,1.3,1,1.6,1.2,1.4,0.04
Narino,2020-05-09,nowcast,1.3,1,1.5,1.1,1.3,0.04
Narino,2020-05-10,nowcast,1.2,1,1.5,1.1,1.3,0.07
Narino,2020-05-11,nowcast,1.2,1,1.5,1.1,1.3,0.07
Narino,2020-05-12,nowcast,1.2,1,1.5,1.1,1.3,0.08
Narino,2020-05-13,nowcast,1.2,0.9,1.4,1.1,1.3,0.09
Narino,2020-05-14,nowcast,1.2,1,1.4,1.1,1.3,0.08
Narino,2020-05-15,nowcast,1.2,1,1.4,1.1,1.3,0.06
Narino,2020-05-16,nowcast,1.2,1,1.4,1.1,1.3,0.05
Narino,2020-05-17,nowcast,1.2,1,1.5,1.1,1.3,0.04
Narino,2020-05-18,nowcast,1.2,1,1.5,1.1,1.3,0.02
Narino,2020-05-19,nowcast,1.2,1,1.5,1.2,1.3,0.03
Narino,2020-05-20,nowcast,1.2,1,1.4,1.2,1.3,0.02
Narino,2020-05-21,nowcast,1.2,1,1.4,1.1,1.3,0.03
Narino,2020-05-22,nowcast,1.2,1,1.4,1.2,1.3,0.03
Narino,2020-05-23,nowcast,1.2,1,1.4,1.1,1.3,0.03
Narino,2020-05-24,nowcast,1.2,1,1.4,1.1,1.3,0.03
Narino,2020-05-25,nowcast,1.2,1,1.4,1.1,1.3,0.04
Narino,2020-05-26,nowcast,1.2,1,1.4,1.1,1.3,0.06
Narino,2020-05-27,nowcast,1.2,0.9,1.3,1.1,1.2,0.1
Narino,2020-05-28,nowcast,1.1,0.9,1.3,1.1,1.2,0.12
Narino,2020-05-29,nowcast,1.1,0.9,1.3,1,1.2,0.19
Narino,2020-05-30,nowcast,1.1,0.9,1.2,1,1.2,0.25
Narino,2020-05-31,nowcast,1.1,0.9,1.2,1,1.1,0.28
Narino,2020-06-01,nowcast,1,0.9,1.2,1,1.1,0.33
Narino,2020-06-02,nowcast,1,0.9,1.2,1,1.1,0.38
Narino,2020-06-03,nowcast,1,0.9,1.1,1,1.1,0.46
Narino,2020-06-04,nowcast,1,0.8,1.1,0.9,1,0.56
Narino,2020-06-05,nowcast,1,0.8,1.1,0.9,1,0.65
Narino,2020-06-06,nowcast,0.9,0.8,1.1,0.9,1,0.76
Narino,2020-06-07,nowcast,0.9,0.8,1.1,0.9,1,0.81
Narino,2020-06-08,nowcast,0.9,0.8,1.1,0.9,1,0.82
Narino,2020-06-09,nowcast,0.9,0.8,1.1,0.9,1,0.77
Narino,2020-06-10,nowcast,1,0.8,1.1,0.9,1,0.64
Narino,2020-06-11,nowcast,1,0.9,1.2,0.9,1.1,0.43
Narino,2020-06-12,nowcast,1.1,0.9,1.3,1,1.1,0.27
Narino,2020-06-13,nowcast,1.1,0.9,1.3,1,1.1,0.17
Narino,2020-06-14,nowcast,1.1,0.9,1.3,1,1.2,0.12
Narino,2020-06-15,nowcast,1.1,1,1.3,1,1.2,0.09
Narino,2020-06-16,nowcast,1.1,1,1.3,1.1,1.2,0.07
Narino,2020-06-17,nowcast,1.1,1,1.3,1.1,1.2,0.09
Narino,2020-06-18,nowcast,1.1,1,1.3,1,1.2,0.1
Narino,2020-06-19,nowcast,1.1,1,1.3,1.1,1.2,0.11
Narino,2020-06-20,nowcast,1.1,1,1.3,1,1.2,0.11
Narino,2020-06-21,nowcast,1.1,1,1.3,1,1.1,0.11
Narino,2020-06-22,nowcast,1.1,0.9,1.2,1,1.1,0.13
Narino,2020-06-23,nowcast,1.1,0.9,1.2,1,1.1,0.18
Narino,2020-06-24,nowcast,1.1,0.9,1.2,1,1.1,0.24
Narino,2020-06-25,forecast,1.1,0.9,1.3,1,1.1,0.28
Narino,2020-06-26,forecast,1.1,0.8,1.3,1,1.1,0.31
Narino,2020-06-27,forecast,1.1,0.8,1.3,1,1.2,0.32
Narino,2020-06-28,forecast,1.1,0.8,1.4,1,1.2,0.32
Narino,2020-06-29,forecast,1.1,0.8,1.4,1,1.2,0.33
Narino,2020-06-30,forecast,1.1,0.8,1.4,1,1.2,0.34
Narino,2020-07-01,forecast,1.1,0.7,1.4,0.9,1.2,0.35
Narino,2020-07-02,forecast,1.1,0.7,1.4,0.9,1.2,0.34
Narino,2020-07-03,forecast,1.1,0.7,1.4,0.9,1.2,0.35
Narino,2020-07-04,forecast,1.1,0.7,1.5,0.9,1.2,0.36
Narino,2020-07-05,forecast,1.1,0.7,1.5,0.9,1.2,0.36
Narino,2020-07-06,forecast,1.1,0.7,1.5,0.9,1.2,0.36
Narino,2020-07-07,forecast,1.1,0.6,1.5,0.9,1.2,0.37
Narino,2020-07-08,forecast,1.1,0.7,1.5,0.9,1.2,0.35
Norte de santander,2020-04-22,nowcast,0.7,0.2,1.2,0.6,1,0.84
Norte de santander,2020-04-23,nowcast,0.7,0.2,1.2,0.5,0.9,0.83
Norte de santander,2020-04-24,nowcast,0.7,0.2,1.3,0.5,0.9,0.81
Norte de santander,2020-04-25,nowcast,0.7,0.3,1.4,0.5,0.9,0.78
Norte de santander,2020-04-26,nowcast,0.8,0.2,1.4,0.5,0.9,0.76
Norte de santander,2020-04-27,nowcast,0.8,0.3,1.5,0.5,1,0.71
Norte de santander,2020-04-28,nowcast,0.8,0.3,1.5,0.5,1,0.69
Norte de santander,2020-04-29,nowcast,0.8,0.3,1.5,0.6,1,0.66
Norte de santander,2020-04-30,nowcast,0.8,0.2,1.6,0.6,1,0.66
Norte de santander,2020-05-01,nowcast,0.9,0.3,1.6,0.5,1,0.63
Norte de santander,2020-05-02,nowcast,0.9,0.3,1.7,0.6,1.1,0.57
Norte de santander,2020-05-03,nowcast,1,0.3,1.9,0.6,1.1,0.54
Norte de santander,2020-05-04,nowcast,1,0.3,1.8,0.6,1.1,0.53
Norte de santander,2020-05-05,nowcast,1,0.3,1.7,0.6,1.2,0.54
Norte de santander,2020-05-06,nowcast,1,0.3,1.7,0.6,1.2,0.54
Norte de santander,2020-05-07,nowcast,0.9,0.2,1.6,0.6,1.1,0.58
Norte de santander,2020-05-08,nowcast,0.9,0.2,1.6,0.6,1.1,0.6
Norte de santander,2020-05-09,nowcast,0.9,0.2,1.6,0.6,1.1,0.62
Norte de santander,2020-05-10,nowcast,0.9,0.2,1.6,0.5,1.1,0.62
Norte de santander,2020-05-11,nowcast,0.9,0.1,1.6,0.5,1,0.63
Norte de santander,2020-05-12,nowcast,0.8,0.2,1.7,0.5,1.1,0.65
Norte de santander,2020-05-13,nowcast,0.8,0.1,1.6,0.5,1,0.64
Norte de santander,2020-05-14,nowcast,0.8,0.1,1.7,0.5,1,0.64
Norte de santander,2020-05-15,nowcast,0.9,0.1,1.8,0.5,1.1,0.61
Norte de santander,2020-05-16,nowcast,0.9,0.1,1.8,0.5,1.1,0.59
Norte de santander,2020-05-17,nowcast,0.9,0.2,1.8,0.5,1.1,0.57
Norte de santander,2020-05-18,nowcast,1,0.2,2,0.6,1.2,0.52
Norte de santander,2020-05-19,nowcast,1,0.2,2.1,0.6,1.2,0.49
Norte de santander,2020-05-20,nowcast,1.1,0.2,2.1,0.6,1.3,0.45
Norte de santander,2020-05-21,nowcast,1.1,0.2,2.3,0.6,1.3,0.42
Norte de santander,2020-05-22,nowcast,1.2,0.2,2.2,0.7,1.4,0.39
Norte de santander,2020-05-23,nowcast,1.2,0.3,2.2,0.7,1.4,0.37
Norte de santander,2020-05-24,nowcast,1.2,0.3,2.3,0.7,1.4,0.35
Norte de santander,2020-05-25,nowcast,1.2,0.3,2.2,0.7,1.4,0.35
Norte de santander,2020-05-26,nowcast,1.2,0.3,2.4,0.8,1.5,0.34
Norte de santander,2020-05-27,nowcast,1.2,0.3,2.3,0.8,1.5,0.31
Norte de santander,2020-05-28,nowcast,1.3,0.4,2.4,0.8,1.6,0.29
Norte de santander,2020-05-29,nowcast,1.4,0.5,2.5,0.9,1.6,0.23
Norte de santander,2020-05-30,nowcast,1.4,0.5,2.5,0.9,1.6,0.21
Norte de santander,2020-05-31,nowcast,1.4,0.5,2.5,1,1.7,0.19
Norte de santander,2020-06-01,nowcast,1.4,0.6,2.4,1,1.6,0.17
Norte de santander,2020-06-02,nowcast,1.4,0.6,2.4,1,1.6,0.16
Norte de santander,2020-06-03,nowcast,1.4,0.7,2.3,1.1,1.6,0.14
Norte de santander,2020-06-04,nowcast,1.4,0.6,2.3,1.1,1.7,0.14
Norte de santander,2020-06-05,nowcast,1.4,0.8,2.3,1.1,1.7,0.13
Norte de santander,2020-06-06,nowcast,1.4,0.8,2.2,1.1,1.7,0.12
Norte de santander,2020-06-07,nowcast,1.4,0.8,2.2,1.1,1.6,0.11
Norte de santander,2020-06-08,nowcast,1.4,0.8,2.2,1.2,1.7,0.09
Norte de santander,2020-06-09,nowcast,1.5,0.8,2.1,1.2,1.6,0.09
Norte de santander,2020-06-10,nowcast,1.5,0.9,2.1,1.2,1.6,0.08
Norte de santander,2020-06-11,nowcast,1.4,0.9,2.1,1.2,1.6,0.07
Norte de santander,2020-06-12,nowcast,1.4,0.8,2,1.2,1.6,0.08
Norte de santander,2020-06-13,nowcast,1.4,0.8,1.9,1.2,1.6,0.09
Norte de santander,2020-06-14,nowcast,1.3,0.8,1.8,1.1,1.5,0.12
Norte de santander,2020-06-15,nowcast,1.3,0.8,1.7,1.1,1.5,0.17
Norte de santander,2020-06-16,nowcast,1.2,0.7,1.6,1,1.4,0.22
Norte de santander,2020-06-17,nowcast,1.1,0.7,1.5,1,1.3,0.3
Norte de santander,2020-06-18,nowcast,1.1,0.7,1.5,0.9,1.2,0.37
Norte de santander,2020-06-19,nowcast,1,0.7,1.4,0.9,1.2,0.42
Norte de santander,2020-06-20,nowcast,1,0.7,1.4,0.9,1.2,0.48
Norte de santander,2020-06-21,nowcast,1,0.6,1.4,0.8,1.1,0.5
Norte de santander,2020-06-22,nowcast,1,0.6,1.3,0.8,1.1,0.52
Norte de santander,2020-06-23,nowcast,1,0.6,1.4,0.8,1.1,0.53
Norte de santander,2020-06-24,nowcast,1,0.6,1.4,0.8,1.1,0.51
Quindio,2020-04-22,nowcast,0.5,0.1,0.9,0.2,0.6,0.95
Quindio,2020-04-23,nowcast,0.5,0.1,0.9,0.3,0.7,0.93
Quindio,2020-04-24,nowcast,0.5,0,0.9,0.2,0.6,0.93
Quindio,2020-04-25,nowcast,0.5,0,1,0.2,0.6,0.9
Quindio,2020-04-26,nowcast,0.5,0,1.2,0.2,0.6,0.86
Quindio,2020-04-27,nowcast,0.6,0,1.4,0.2,0.7,0.8
Quindio,2020-04-28,nowcast,0.7,0,1.6,0.2,0.8,0.73
Quindio,2020-04-29,nowcast,0.8,0.1,2,0.3,1,0.61
Quindio,2020-04-30,nowcast,0.9,0.1,2.1,0.4,1.1,0.55
Quindio,2020-05-01,nowcast,1,0.1,2.2,0.5,1.2,0.48
Quindio,2020-05-02,nowcast,1.1,0.2,2.4,0.6,1.3,0.4
Quindio,2020-05-03,nowcast,1.2,0.1,2.2,0.6,1.4,0.39
Quindio,2020-05-04,nowcast,1.2,0.3,2.2,0.7,1.5,0.38
Quindio,2020-05-05,nowcast,1.2,0.3,2.3,0.8,1.5,0.36
Quindio,2020-05-06,nowcast,1.2,0.3,2.1,0.7,1.4,0.38
Quindio,2020-05-07,nowcast,1.2,0.2,2.1,0.7,1.4,0.38
Quindio,2020-05-08,nowcast,1.1,0.3,2.1,0.7,1.4,0.39
Quindio,2020-05-09,nowcast,1.1,0.2,2,0.6,1.3,0.44
Quindio,2020-05-10,nowcast,1.1,0.2,2,0.6,1.3,0.45
Quindio,2020-05-11,nowcast,1.1,0.3,2,0.7,1.3,0.45
Quindio,2020-05-12,nowcast,1.1,0.2,2,0.6,1.3,0.45
Quindio,2020-05-13,nowcast,1.1,0.2,2,0.6,1.3,0.44
Quindio,2020-05-14,nowcast,1.1,0.2,2.2,0.7,1.4,0.4
Quindio,2020-05-15,nowcast,1.2,0.4,2.3,0.7,1.4,0.37
Quindio,2020-05-16,nowcast,1.2,0.3,2.2,0.8,1.4,0.33
Quindio,2020-05-17,nowcast,1.3,0.3,2.3,0.8,1.5,0.3
Quindio,2020-05-18,nowcast,1.2,0.5,2.2,0.8,1.4,0.3
Quindio,2020-05-19,nowcast,1.2,0.4,2.2,0.8,1.5,0.32
Quindio,2020-05-20,nowcast,1.2,0.4,2.1,0.8,1.5,0.33
Quindio,2020-05-21,nowcast,1.1,0.3,2,0.7,1.4,0.37
Quindio,2020-05-22,nowcast,1.1,0.3,1.9,0.7,1.3,0.43
Quindio,2020-05-23,nowcast,1,0.3,1.8,0.6,1.2,0.49
Quindio,2020-05-24,nowcast,1,0.3,1.7,0.6,1.2,0.54
Quindio,2020-05-25,nowcast,0.9,0.2,1.6,0.5,1.1,0.59
Quindio,2020-05-26,nowcast,0.9,0.2,1.6,0.5,1.1,0.63
Quindio,2020-05-27,nowcast,0.9,0.2,1.6,0.5,1,0.63
Quindio,2020-05-28,nowcast,0.8,0.2,1.5,0.5,1,0.66
Quindio,2020-05-29,nowcast,0.8,0.1,1.5,0.5,1,0.67
Quindio,2020-05-30,nowcast,0.8,0.1,1.6,0.4,1,0.66
Quindio,2020-05-31,nowcast,0.8,0.1,1.6,0.5,1,0.66
Quindio,2020-06-01,nowcast,0.8,0.1,1.7,0.5,1,0.65
Quindio,2020-06-02,nowcast,0.9,0.1,1.8,0.4,1,0.62
Quindio,2020-06-03,nowcast,0.9,0.1,1.9,0.5,1.1,0.57
Quindio,2020-06-04,nowcast,1,0.1,2,0.5,1.2,0.49
Quindio,2020-06-05,nowcast,1.1,0.2,2.2,0.6,1.3,0.45
Quindio,2020-06-06,nowcast,1.2,0.2,2.4,0.6,1.4,0.38
Quindio,2020-06-07,nowcast,1.2,0.3,2.4,0.7,1.5,0.33
Quindio,2020-06-08,nowcast,1.3,0.4,2.4,0.8,1.5,0.29
Quindio,2020-06-09,nowcast,1.4,0.4,2.5,0.8,1.6,0.24
Quindio,2020-06-10,nowcast,1.3,0.5,2.5,0.9,1.6,0.24
Quindio,2020-06-11,nowcast,1.3,0.4,2.4,0.9,1.6,0.24
Quindio,2020-06-12,nowcast,1.3,0.4,2.3,0.9,1.6,0.26
Quindio,2020-06-13,nowcast,1.3,0.4,2.2,0.9,1.6,0.27
Quindio,2020-06-14,nowcast,1.2,0.4,2.1,0.9,1.5,0.31
Quindio,2020-06-15,nowcast,1.2,0.4,2,0.8,1.4,0.34
Quindio,2020-06-16,nowcast,1.1,0.4,1.9,0.8,1.3,0.38
Quindio,2020-06-17,nowcast,1.1,0.4,1.8,0.8,1.3,0.41
Quindio,2020-06-18,nowcast,1.1,0.3,1.8,0.7,1.2,0.44
Quindio,2020-06-19,nowcast,1.1,0.4,1.9,0.7,1.3,0.43
Quindio,2020-06-20,nowcast,1.1,0.4,2,0.8,1.3,0.41
Quindio,2020-06-21,nowcast,1.1,0.4,1.9,0.8,1.3,0.39
Quindio,2020-06-22,nowcast,1.1,0.4,2,0.8,1.3,0.37
Quindio,2020-06-23,nowcast,1.2,0.4,2.1,0.8,1.4,0.31
Quindio,2020-06-24,nowcast,1.3,0.5,2.2,0.9,1.5,0.27
Risaralda,2020-04-22,nowcast,0.5,0.2,0.8,0.4,0.6,0.99
Risaralda,2020-04-23,nowcast,0.5,0.2,0.8,0.3,0.6,1
Risaralda,2020-04-24,nowcast,0.5,0.2,0.8,0.3,0.5,0.99
Risaralda,2020-04-25,nowcast,0.5,0.2,0.7,0.3,0.5,0.98
Risaralda,2020-04-26,nowcast,0.4,0.1,0.8,0.3,0.5,0.97
Risaralda,2020-04-27,nowcast,0.5,0.1,0.8,0.3,0.5,0.96
Risaralda,2020-04-28,nowcast,0.5,0.1,0.9,0.3,0.5,0.95
Risaralda,2020-04-29,nowcast,0.5,0.1,1,0.3,0.6,0.92
Risaralda,2020-04-30,nowcast,0.5,0.1,1.1,0.3,0.6,0.89
Risaralda,2020-05-01,nowcast,0.6,0.1,1.2,0.4,0.7,0.85
Risaralda,2020-05-02,nowcast,0.7,0.1,1.4,0.4,0.8,0.78
Risaralda,2020-05-03,nowcast,0.7,0.1,1.5,0.4,0.9,0.73
Risaralda,2020-05-04,nowcast,0.9,0.2,1.7,0.4,1,0.63
Risaralda,2020-05-05,nowcast,1,0.2,1.8,0.6,1.1,0.55
Risaralda,2020-05-06,nowcast,1,0.3,1.9,0.6,1.1,0.54
Risaralda,2020-05-07,nowcast,1,0.3,1.9,0.6,1.2,0.51
Risaralda,2020-05-08,nowcast,1,0.3,1.8,0.6,1.2,0.5
Risaralda,2020-05-09,nowcast,1,0.3,1.7,0.6,1.2,0.53
Risaralda,2020-05-10,nowcast,0.9,0.2,1.7,0.5,1.1,0.59
Risaralda,2020-05-11,nowcast,0.8,0.1,1.5,0.5,1.1,0.66
Risaralda,2020-05-12,nowcast,0.8,0.1,1.5,0.4,1,0.69
Risaralda,2020-05-13,nowcast,0.8,0.1,1.5,0.4,0.9,0.7
Risaralda,2020-05-14,nowcast,0.8,0.1,1.6,0.5,1,0.67
Risaralda,2020-05-15,nowcast,0.9,0.1,1.8,0.5,1.1,0.6
Risaralda,2020-05-16,nowcast,0.9,0.2,2,0.6,1.2,0.54
Risaralda,2020-05-17,nowcast,1,0.2,2.2,0.6,1.3,0.47
Risaralda,2020-05-18,nowcast,1.1,0.2,2.3,0.7,1.4,0.41
Risaralda,2020-05-19,nowcast,1.2,0.3,2.3,0.8,1.5,0.33
Risaralda,2020-05-20,nowcast,1.3,0.4,2.4,0.7,1.5,0.31
Risaralda,2020-05-21,nowcast,1.3,0.4,2.3,0.8,1.5,0.29
Risaralda,2020-05-22,nowcast,1.4,0.4,2.3,0.9,1.6,0.23
Risaralda,2020-05-23,nowcast,1.3,0.5,2.3,0.9,1.6,0.24
Risaralda,2020-05-24,nowcast,1.4,0.5,2.2,1,1.6,0.21
Risaralda,2020-05-25,nowcast,1.4,0.6,2.3,1,1.7,0.19
Risaralda,2020-05-26,nowcast,1.4,0.5,2.2,1,1.6,0.2
Risaralda,2020-05-27,nowcast,1.4,0.6,2.3,1,1.6,0.18
Risaralda,2020-05-28,nowcast,1.4,0.7,2.2,1,1.6,0.17
Risaralda,2020-05-29,nowcast,1.4,0.7,2.2,1.1,1.6,0.16
Risaralda,2020-05-30,nowcast,1.4,0.7,2.1,1.1,1.6,0.15
Risaralda,2020-05-31,nowcast,1.4,0.6,2.1,1.1,1.6,0.15
Risaralda,2020-06-01,nowcast,1.4,0.7,2.1,1.1,1.6,0.14
Risaralda,2020-06-02,nowcast,1.4,0.7,2.1,1.1,1.6,0.14
Risaralda,2020-06-03,nowcast,1.4,0.7,2,1.1,1.6,0.13
Risaralda,2020-06-04,nowcast,1.4,0.8,2,1.1,1.6,0.11
Risaralda,2020-06-05,nowcast,1.4,0.8,1.9,1.1,1.6,0.12
Risaralda,2020-06-06,nowcast,1.3,0.8,1.9,1.1,1.5,0.12
Risaralda,2020-06-07,nowcast,1.3,0.8,1.9,1.1,1.5,0.11
Risaralda,2020-06-08,nowcast,1.3,0.8,1.8,1.1,1.5,0.12
Risaralda,2020-06-09,nowcast,1.3,0.9,1.8,1.1,1.5,0.11
Risaralda,2020-06-10,nowcast,1.3,0.8,1.8,1.1,1.5,0.12
Risaralda,2020-06-11,nowcast,1.3,0.8,1.7,1.1,1.4,0.11
Risaralda,2020-06-12,nowcast,1.3,0.9,1.7,1.1,1.4,0.11
Risaralda,2020-06-13,nowcast,1.2,0.9,1.7,1.1,1.4,0.14
Risaralda,2020-06-14,nowcast,1.2,0.8,1.6,1.1,1.4,0.19
Risaralda,2020-06-15,nowcast,1.2,0.8,1.5,1,1.3,0.24
Risaralda,2020-06-16,nowcast,1.1,0.8,1.5,1,1.3,0.31
Risaralda,2020-06-17,nowcast,1.1,0.7,1.4,0.9,1.2,0.37
Risaralda,2020-06-18,nowcast,1,0.7,1.4,0.9,1.2,0.41
Risaralda,2020-06-19,nowcast,1.1,0.7,1.4,0.9,1.2,0.39
Risaralda,2020-06-20,nowcast,1.1,0.7,1.4,0.9,1.2,0.38
Risaralda,2020-06-21,nowcast,1.1,0.7,1.4,0.9,1.2,0.38
Risaralda,2020-06-22,nowcast,1.1,0.7,1.5,0.9,1.2,0.34
Risaralda,2020-06-23,nowcast,1.1,0.7,1.5,0.9,1.2,0.27
Risaralda,2020-06-24,nowcast,1.2,0.8,1.6,1,1.3,0.21
Santander,2020-04-22,nowcast,0.4,0,0.9,0.1,0.5,0.94
Santander,2020-04-23,nowcast,0.4,0,0.8,0.2,0.5,0.95
Santander,2020-04-24,nowcast,0.4,0,0.8,0.1,0.4,0.94
Santander,2020-04-25,nowcast,0.4,0,0.9,0.1,0.4,0.93
Santander,2020-04-26,nowcast,0.4,0,1,0.1,0.4,0.9
Santander,2020-04-27,nowcast,0.4,0,1.2,0.1,0.4,0.86
Santander,2020-04-28,nowcast,0.5,0,1.5,0.1,0.5,0.79
Santander,2020-04-29,nowcast,0.6,0,1.9,0.1,0.6,0.72
Santander,2020-04-30,nowcast,0.7,0,2.3,0.1,0.8,0.64
Santander,2020-05-01,nowcast,0.9,0,2.7,0.1,1,0.55
Santander,2020-05-02,nowcast,1.1,0,2.9,0.2,1.2,0.47
Santander,2020-05-03,nowcast,1.2,0.1,3,0.4,1.5,0.41
Santander,2020-05-04,nowcast,1.3,0,3.1,0.5,1.6,0.36
Santander,2020-05-05,nowcast,1.4,0.1,3.2,0.6,1.7,0.3
Santander,2020-05-06,nowcast,1.5,0.2,3.2,0.7,1.8,0.28
Santander,2020-05-07,nowcast,1.5,0.1,3.2,0.8,1.9,0.26
Santander,2020-05-08,nowcast,1.5,0.1,3.1,0.7,1.8,0.24
Santander,2020-05-09,nowcast,1.5,0.2,3,0.8,1.8,0.25
Santander,2020-05-10,nowcast,1.5,0.3,3,0.9,1.9,0.22
Santander,2020-05-11,nowcast,1.5,0.4,3,0.9,1.8,0.22
Santander,2020-05-12,nowcast,1.5,0.4,2.8,0.9,1.8,0.21
Santander,2020-05-13,nowcast,1.4,0.4,2.6,0.9,1.7,0.22
Santander,2020-05-14,nowcast,1.4,0.4,2.5,0.9,1.7,0.23
Santander,2020-05-15,nowcast,1.4,0.4,2.4,1,1.7,0.23
Santander,2020-05-16,nowcast,1.4,0.4,2.4,0.9,1.7,0.22
Santander,2020-05-17,nowcast,1.4,0.5,2.4,1,1.7,0.19
Santander,2020-05-18,nowcast,1.5,0.6,2.5,1,1.7,0.17
Santander,2020-05-19,nowcast,1.5,0.7,2.5,1.1,1.8,0.13
Santander,2020-05-20,nowcast,1.5,0.6,2.4,1.1,1.8,0.13
Santander,2020-05-21,nowcast,1.6,0.8,2.5,1.1,1.8,0.1
Santander,2020-05-22,nowcast,1.6,0.8,2.4,1.1,1.8,0.08
Santander,2020-05-23,nowcast,1.6,0.9,2.4,1.2,1.8,0.06
Santander,2020-05-24,nowcast,1.6,0.9,2.4,1.2,1.7,0.04
Santander,2020-05-25,nowcast,1.6,0.9,2.4,1.3,1.8,0.05
Santander,2020-05-26,nowcast,1.6,0.9,2.3,1.3,1.8,0.05
Santander,2020-05-27,nowcast,1.5,1,2.2,1.3,1.7,0.05
Santander,2020-05-28,nowcast,1.5,0.9,2,1.3,1.7,0.05
Santander,2020-05-29,nowcast,1.4,0.9,2,1.2,1.6,0.07
Santander,2020-05-30,nowcast,1.4,0.9,1.8,1.2,1.5,0.1
Santander,2020-05-31,nowcast,1.3,0.8,1.7,1.1,1.5,0.12
Santander,2020-06-01,nowcast,1.2,0.8,1.7,1.1,1.4,0.16
Santander,2020-06-02,nowcast,1.2,0.8,1.6,1.1,1.4,0.17
Santander,2020-06-03,nowcast,1.2,0.8,1.6,1.1,1.3,0.2
Santander,2020-06-04,nowcast,1.2,0.8,1.5,1,1.3,0.18
Santander,2020-06-05,nowcast,1.2,0.8,1.5,1,1.3,0.18
Santander,2020-06-06,nowcast,1.2,0.9,1.6,1,1.3,0.15
Santander,2020-06-07,nowcast,1.2,0.9,1.6,1.1,1.3,0.12
Santander,2020-06-08,nowcast,1.2,0.9,1.6,1.1,1.3,0.09
Santander,2020-06-09,nowcast,1.3,0.9,1.7,1.1,1.4,0.06
Santander,2020-06-10,nowcast,1.3,1,1.7,1.1,1.4,0.04
Santander,2020-06-11,nowcast,1.3,1,1.7,1.2,1.4,0.03
Santander,2020-06-12,nowcast,1.3,1,1.6,1.2,1.4,0.04
Santander,2020-06-13,nowcast,1.3,1,1.6,1.2,1.4,0.04
Santander,2020-06-14,nowcast,1.3,1,1.6,1.1,1.4,0.05
Santander,2020-06-15,nowcast,1.2,1,1.5,1.1,1.4,0.08
Santander,2020-06-16,nowcast,1.2,0.9,1.5,1.1,1.3,0.1
Santander,2020-06-17,nowcast,1.2,0.9,1.4,1.1,1.3,0.13
Santander,2020-06-18,nowcast,1.1,0.9,1.4,1,1.2,0.16
Santander,2020-06-19,nowcast,1.1,0.9,1.4,1.1,1.2,0.16
Santander,2020-06-20,nowcast,1.1,0.9,1.4,1.1,1.2,0.16
Santander,2020-06-21,nowcast,1.1,0.9,1.4,1.1,1.2,0.13
Santander,2020-06-22,nowcast,1.2,0.9,1.4,1.1,1.2,0.12
Santander,2020-06-23,nowcast,1.2,0.9,1.5,1.1,1.2,0.08
Santander,2020-06-24,nowcast,1.2,1,1.4,1.1,1.3,0.07
Santander,2020-06-25,forecast,1.2,0.9,1.5,1,1.3,0.15
Santander,2020-06-26,forecast,1.2,0.8,1.5,1.1,1.3,0.17
Santander,2020-06-27,forecast,1.2,0.8,1.6,1,1.3,0.2
Santander,2020-06-28,forecast,1.2,0.8,1.6,1,1.3,0.21
Santander,2020-06-29,forecast,1.2,0.7,1.6,1,1.4,0.21
Santander,2020-06-30,forecast,1.2,0.7,1.7,1,1.4,0.24
Santander,2020-07-01,forecast,1.2,0.7,1.7,1,1.4,0.25
Santander,2020-07-02,forecast,1.2,0.7,1.7,1,1.4,0.25
Santander,2020-07-03,forecast,1.2,0.7,1.7,1,1.4,0.26
Santander,2020-07-04,forecast,1.2,0.6,1.7,1,1.4,0.27
Santander,2020-07-05,forecast,1.2,0.6,1.8,1,1.4,0.28
Santander,2020-07-06,forecast,1.2,0.6,1.8,1,1.4,0.29
Santander,2020-07-07,forecast,1.2,0.6,1.8,0.9,1.4,0.29
Santander,2020-07-08,forecast,1.2,0.6,1.9,1,1.5,0.29
Sucre,2020-05-28,nowcast,1.6,1.1,2.2,1.4,1.8,0.02
Sucre,2020-05-29,nowcast,1.6,1.1,2.1,1.3,1.7,0.02
Sucre,2020-05-30,nowcast,1.5,1,2,1.3,1.7,0.04
Sucre,2020-05-31,nowcast,1.5,1,2,1.3,1.6,0.04
Sucre,2020-06-01,nowcast,1.4,1,1.8,1.3,1.6,0.04
Sucre,2020-06-02,nowcast,1.4,1,1.7,1.2,1.5,0.05
Sucre,2020-06-03,nowcast,1.4,1,1.7,1.2,1.5,0.05
Sucre,2020-06-04,nowcast,1.3,1,1.7,1.2,1.5,0.05
Sucre,2020-06-05,nowcast,1.3,1,1.7,1.2,1.5,0.03
Sucre,2020-06-06,nowcast,1.3,1.1,1.7,1.2,1.5,0.02
Sucre,2020-06-07,nowcast,1.4,1.1,1.7,1.2,1.5,0.01
Sucre,2020-06-08,nowcast,1.4,1.1,1.7,1.3,1.5,0.01
Sucre,2020-06-09,nowcast,1.4,1.1,1.7,1.3,1.5,0.01
Sucre,2020-06-10,nowcast,1.4,1.1,1.7,1.3,1.5,0.01
Sucre,2020-06-11,nowcast,1.4,1.1,1.7,1.3,1.5,0.01
Sucre,2020-06-12,nowcast,1.4,1.1,1.7,1.3,1.5,0.01
Sucre,2020-06-13,nowcast,1.4,1.1,1.6,1.3,1.5,0.01
Sucre,2020-06-14,nowcast,1.4,1.1,1.6,1.3,1.5,0.01
Sucre,2020-06-15,nowcast,1.3,1.1,1.6,1.2,1.4,0.01
Sucre,2020-06-16,nowcast,1.3,1.1,1.5,1.2,1.4,0.01
Sucre,2020-06-17,nowcast,1.3,1.1,1.5,1.2,1.4,0.02
Sucre,2020-06-18,nowcast,1.3,1.1,1.5,1.2,1.3,0.02
Sucre,2020-06-19,nowcast,1.2,1,1.4,1.2,1.3,0.02
Sucre,2020-06-20,nowcast,1.2,1.1,1.4,1.2,1.3,0.02
Sucre,2020-06-21,nowcast,1.2,1,1.4,1.1,1.3,0.03
Sucre,2020-06-22,nowcast,1.2,1,1.4,1.1,1.2,0.05
Sucre,2020-06-23,nowcast,1.2,1,1.3,1.1,1.2,0.08
Sucre,2020-06-24,nowcast,1.1,1,1.3,1.1,1.2,0.08
Sucre,2020-06-25,forecast,1.2,0.9,1.4,1.1,1.2,0.15
Sucre,2020-06-26,forecast,1.2,0.9,1.4,1.1,1.3,0.17
Sucre,2020-06-27,forecast,1.2,0.8,1.5,1.1,1.3,0.2
Sucre,2020-06-28,forecast,1.2,0.8,1.5,1,1.3,0.22
Sucre,2020-06-29,forecast,1.2,0.8,1.5,1,1.3,0.25
Sucre,2020-06-30,forecast,1.1,0.8,1.5,1,1.3,0.25
Sucre,2020-07-01,forecast,1.1,0.7,1.6,1,1.3,0.27
Sucre,2020-07-02,forecast,1.1,0.7,1.6,1,1.3,0.28
Sucre,2020-07-03,forecast,1.1,0.7,1.6,1,1.3,0.29
Sucre,2020-07-04,forecast,1.1,0.6,1.6,1,1.3,0.31
Sucre,2020-07-05,forecast,1.1,0.6,1.7,0.9,1.3,0.32
Sucre,2020-07-06,forecast,1.1,0.6,1.7,0.9,1.3,0.32
Sucre,2020-07-07,forecast,1.1,0.6,1.7,0.9,1.3,0.33
Sucre,2020-07-08,forecast,1.1,0.6,1.7,1,1.4,0.33
Tolima,2020-04-22,nowcast,1,0.5,1.5,0.8,1.2,0.47
Tolima,2020-04-23,nowcast,1,0.5,1.5,0.8,1.2,0.48
Tolima,2020-04-24,nowcast,1,0.5,1.5,0.8,1.2,0.51
Tolima,2020-04-25,nowcast,1,0.5,1.5,0.8,1.2,0.52
Tolima,2020-04-26,nowcast,1,0.5,1.5,0.8,1.1,0.56
Tolima,2020-04-27,nowcast,1,0.5,1.5,0.7,1.1,0.57
Tolima,2020-04-28,nowcast,1,0.5,1.4,0.8,1.1,0.57
Tolima,2020-04-29,nowcast,0.9,0.5,1.5,0.7,1.1,0.58
Tolima,2020-04-30,nowcast,1,0.5,1.5,0.8,1.1,0.56
Tolima,2020-05-01,nowcast,1,0.5,1.5,0.8,1.2,0.51
Tolima,2020-05-02,nowcast,1,0.5,1.6,0.8,1.2,0.45
Tolima,2020-05-03,nowcast,1.1,0.6,1.7,0.8,1.2,0.38
Tolima,2020-05-04,nowcast,1.1,0.6,1.8,0.9,1.3,0.34
Tolima,2020-05-05,nowcast,1.1,0.6,1.7,0.9,1.3,0.32
Tolima,2020-05-06,nowcast,1.1,0.6,1.7,0.9,1.3,0.33
Tolima,2020-05-07,nowcast,1.1,0.6,1.6,0.9,1.3,0.35
Tolima,2020-05-08,nowcast,1.1,0.6,1.6,0.8,1.3,0.39
Tolima,2020-05-09,nowcast,1.1,0.6,1.6,0.9,1.2,0.39
Tolima,2020-05-10,nowcast,1.1,0.6,1.6,0.9,1.2,0.4
Tolima,2020-05-11,nowcast,1.1,0.6,1.6,0.8,1.2,0.39
Tolima,2020-05-12,nowcast,1.1,0.6,1.6,0.9,1.3,0.39
Tolima,2020-05-13,nowcast,1.1,0.6,1.6,0.9,1.3,0.38
Tolima,2020-05-14,nowcast,1.1,0.6,1.6,0.9,1.2,0.37
Tolima,2020-05-15,nowcast,1.1,0.7,1.7,0.9,1.2,0.34
Tolima,2020-05-16,nowcast,1.1,0.7,1.6,0.9,1.3,0.33
Tolima,2020-05-17,nowcast,1.1,0.7,1.6,0.9,1.3,0.32
Tolima,2020-05-18,nowcast,1.1,0.7,1.7,0.9,1.3,0.3
Tolima,2020-05-19,nowcast,1.1,0.7,1.6,0.9,1.3,0.31
Tolima,2020-05-20,nowcast,1.1,0.7,1.6,0.9,1.3,0.33
Tolima,2020-05-21,nowcast,1.1,0.6,1.5,0.9,1.2,0.37
Tolima,2020-05-22,nowcast,1,0.6,1.5,0.8,1.2,0.46
Tolima,2020-05-23,nowcast,1,0.5,1.4,0.8,1.1,0.52
Tolima,2020-05-24,nowcast,1,0.5,1.4,0.8,1.1,0.56
Tolima,2020-05-25,nowcast,0.9,0.5,1.4,0.8,1.1,0.59
Tolima,2020-05-26,nowcast,1,0.6,1.5,0.8,1.1,0.53
Tolima,2020-05-27,nowcast,1,0.6,1.5,0.8,1.1,0.48
Tolima,2020-05-28,nowcast,1.1,0.6,1.6,0.8,1.2,0.41
Tolima,2020-05-29,nowcast,1.1,0.7,1.7,0.8,1.2,0.32
Tolima,2020-05-30,nowcast,1.2,0.7,1.8,0.9,1.3,0.22
Tolima,2020-05-31,nowcast,1.3,0.8,1.9,1,1.4,0.15
Tolima,2020-06-01,nowcast,1.4,0.9,2,1.1,1.5,0.08
Tolima,2020-06-02,nowcast,1.4,1,2,1.2,1.5,0.04
Tolima,2020-06-03,nowcast,1.5,1,2,1.2,1.6,0.03
Tolima,2020-06-04,nowcast,1.5,1.1,2,1.3,1.6,0.01
Tolima,2020-06-05,nowcast,1.5,1.1,2,1.3,1.6,0.01
Tolima,2020-06-06,nowcast,1.5,1.1,1.9,1.3,1.6,0.01
Tolima,2020-06-07,nowcast,1.5,1.1,1.9,1.3,1.6,0.02
Tolima,2020-06-08,nowcast,1.4,1,1.8,1.3,1.6,0.03
Tolima,2020-06-09,nowcast,1.4,1,1.7,1.2,1.5,0.03
Tolima,2020-06-10,nowcast,1.3,1,1.7,1.2,1.5,0.04
Tolima,2020-06-11,nowcast,1.3,1,1.6,1.2,1.4,0.04
Tolima,2020-06-12,nowcast,1.3,1,1.6,1.1,1.4,0.06
Tolima,2020-06-13,nowcast,1.3,1,1.5,1.2,1.4,0.07
Tolima,2020-06-14,nowcast,1.2,1,1.5,1.1,1.3,0.07
Tolima,2020-06-15,nowcast,1.2,0.9,1.5,1.1,1.3,0.09
Tolima,2020-06-16,nowcast,1.2,0.9,1.4,1.1,1.3,0.11
Tolima,2020-06-17,nowcast,1.2,0.9,1.4,1.1,1.2,0.12
Tolima,2020-06-18,nowcast,1.1,0.9,1.4,1.1,1.2,0.13
Tolima,2020-06-19,nowcast,1.1,0.9,1.4,1.1,1.2,0.14
Tolima,2020-06-20,nowcast,1.1,0.9,1.4,1,1.2,0.16
Tolima,2020-06-21,nowcast,1.1,0.9,1.3,1,1.2,0.16
Tolima,2020-06-22,nowcast,1.1,0.9,1.3,1,1.2,0.16
Tolima,2020-06-23,nowcast,1.1,0.9,1.3,1,1.2,0.15
Tolima,2020-06-24,nowcast,1.1,0.9,1.4,1,1.2,0.14
Tolima,2020-06-25,forecast,1.1,0.8,1.4,1,1.2,0.25
Tolima,2020-06-26,forecast,1.1,0.8,1.5,1,1.3,0.29
Tolima,2020-06-27,forecast,1.1,0.7,1.6,1,1.3,0.31
Tolima,2020-06-28,forecast,1.1,0.6,1.6,0.9,1.2,0.34
Tolima,2020-06-29,forecast,1.1,0.6,1.6,0.9,1.3,0.36
Tolima,2020-06-30,forecast,1.1,0.6,1.6,0.9,1.3,0.36
Tolima,2020-07-01,forecast,1.1,0.5,1.7,0.9,1.3,0.37
Tolima,2020-07-02,forecast,1.1,0.5,1.7,0.9,1.3,0.4
Tolima,2020-07-03,forecast,1.1,0.5,1.7,0.8,1.3,0.4
Tolima,2020-07-04,forecast,1.1,0.5,1.8,0.8,1.3,0.41
Tolima,2020-07-05,forecast,1.1,0.4,1.7,0.8,1.3,0.42
Tolima,2020-07-06,forecast,1.1,0.4,1.8,0.8,1.3,0.43
Tolima,2020-07-07,forecast,1.1,0.3,1.8,0.8,1.3,0.43
Tolima,2020-07-08,forecast,1.1,0.3,1.9,0.8,1.4,0.44
Valle del cauca,2020-04-22,nowcast,0.6,0.4,0.8,0.5,0.7,1
Valle del cauca,2020-04-23,nowcast,0.6,0.4,0.9,0.5,0.7,1
Valle del cauca,2020-04-24,nowcast,0.7,0.5,0.9,0.6,0.8,0.99
Valle del cauca,2020-04-25,nowcast,0.8,0.6,1,0.7,0.8,0.95
Valle del cauca,2020-04-26,nowcast,0.8,0.6,1.1,0.7,0.9,0.86
Valle del cauca,2020-04-27,nowcast,0.9,0.6,1.2,0.8,1,0.74
Valle del cauca,2020-04-28,nowcast,0.9,0.7,1.2,0.8,1,0.68
Valle del cauca,2020-04-29,nowcast,1,0.7,1.2,0.8,1,0.61
Valle del cauca,2020-04-30,nowcast,1,0.8,1.2,0.9,1.1,0.52
Valle del cauca,2020-05-01,nowcast,1,0.8,1.3,0.9,1.1,0.42
Valle del cauca,2020-05-02,nowcast,1.1,0.8,1.3,1,1.1,0.29
Valle del cauca,2020-05-03,nowcast,1.1,0.9,1.3,1,1.2,0.21
Valle del cauca,2020-05-04,nowcast,1.1,0.9,1.4,1,1.2,0.13
Valle del cauca,2020-05-05,nowcast,1.1,0.9,1.4,1,1.2,0.1
Valle del cauca,2020-05-06,nowcast,1.2,1,1.4,1.1,1.2,0.08
Valle del cauca,2020-05-07,nowcast,1.2,1,1.4,1.1,1.3,0.04
Valle del cauca,2020-05-08,nowcast,1.2,1,1.4,1.1,1.3,0.04
Valle del cauca,2020-05-09,nowcast,1.2,1,1.4,1.1,1.3,0.02
Valle del cauca,2020-05-10,nowcast,1.2,1,1.4,1.1,1.3,0.01
Valle del cauca,2020-05-11,nowcast,1.2,1.1,1.5,1.2,1.3,0.02
Valle del cauca,2020-05-12,nowcast,1.2,1.1,1.4,1.2,1.3,0.02
Valle del cauca,2020-05-13,nowcast,1.2,1,1.4,1.2,1.3,0.02
Valle del cauca,2020-05-14,nowcast,1.2,1.1,1.4,1.1,1.3,0.02
Valle del cauca,2020-05-15,nowcast,1.2,1.1,1.4,1.2,1.3,0.02
Valle del cauca,2020-05-16,nowcast,1.2,1.1,1.4,1.2,1.3,0.02
Valle del cauca,2020-05-17,nowcast,1.2,1,1.4,1.1,1.3,0.02
Valle del cauca,2020-05-18,nowcast,1.2,1,1.4,1.1,1.3,0.02
Valle del cauca,2020-05-19,nowcast,1.2,1,1.4,1.1,1.2,0.02
Valle del cauca,2020-05-20,nowcast,1.2,1,1.3,1.1,1.2,0.05
Valle del cauca,2020-05-21,nowcast,1.2,1,1.3,1.1,1.2,0.04
Valle del cauca,2020-05-22,nowcast,1.1,1,1.3,1.1,1.2,0.07
Valle del cauca,2020-05-23,nowcast,1.1,1,1.3,1.1,1.2,0.07
Valle del cauca,2020-05-24,nowcast,1.1,1,1.3,1.1,1.2,0.08
Valle del cauca,2020-05-25,nowcast,1.1,1,1.2,1.1,1.2,0.1
Valle del cauca,2020-05-26,nowcast,1.1,1,1.2,1,1.1,0.12
Valle del cauca,2020-05-27,nowcast,1.1,0.9,1.2,1,1.1,0.13
Valle del cauca,2020-05-28,nowcast,1.1,1,1.2,1,1.1,0.11
Valle del cauca,2020-05-29,nowcast,1.1,1,1.2,1,1.1,0.1
Valle del cauca,2020-05-30,nowcast,1.1,1,1.2,1.1,1.1,0.06
Valle del cauca,2020-05-31,nowcast,1.1,1,1.3,1.1,1.2,0.05
Valle del cauca,2020-06-01,nowcast,1.1,1,1.3,1.1,1.2,0.04
Valle del cauca,2020-06-02,nowcast,1.1,1,1.3,1.1,1.2,0.02
Valle del cauca,2020-06-03,nowcast,1.1,1,1.3,1.1,1.2,0.02
Valle del cauca,2020-06-04,nowcast,1.2,1,1.3,1.1,1.2,0.01
Valle del cauca,2020-06-05,nowcast,1.2,1,1.3,1.1,1.2,0.01
Valle del cauca,2020-06-06,nowcast,1.2,1,1.3,1.1,1.2,0.01
Valle del cauca,2020-06-07,nowcast,1.2,1,1.3,1.1,1.2,0.01
Valle del cauca,2020-06-08,nowcast,1.2,1,1.3,1.1,1.2,0.01
Valle del cauca,2020-06-09,nowcast,1.2,1,1.3,1.1,1.2,0.02
Valle del cauca,2020-06-10,nowcast,1.1,1,1.2,1.1,1.2,0.02
Valle del cauca,2020-06-11,nowcast,1.1,1,1.3,1.1,1.2,0.02
Valle del cauca,2020-06-12,nowcast,1.1,1,1.2,1.1,1.2,0.02
Valle del cauca,2020-06-13,nowcast,1.1,1,1.2,1.1,1.2,0.01
Valle del cauca,2020-06-14,nowcast,1.1,1,1.2,1.1,1.2,0.01
Valle del cauca,2020-06-15,nowcast,1.1,1,1.2,1.1,1.2,0.01
Valle del cauca,2020-06-16,nowcast,1.1,1,1.2,1.1,1.2,0.01
Valle del cauca,2020-06-17,nowcast,1.1,1.1,1.2,1.1,1.2,0.01
Valle del cauca,2020-06-18,nowcast,1.2,1.1,1.2,1.1,1.2,0.01
Valle del cauca,2020-06-19,nowcast,1.2,1.1,1.3,1.1,1.2,0
Valle del cauca,2020-06-20,nowcast,1.2,1.1,1.3,1.1,1.2,0
Valle del cauca,2020-06-21,nowcast,1.2,1.1,1.3,1.1,1.2,0.01
Valle del cauca,2020-06-22,nowcast,1.2,1.1,1.2,1.1,1.2,0.01
Valle del cauca,2020-06-23,nowcast,1.2,1.1,1.2,1.1,1.2,0.01
Valle del cauca,2020-06-24,nowcast,1.2,1.1,1.3,1.1,1.2,0.01
Valle del cauca,2020-06-25,forecast,1.2,1,1.3,1.1,1.2,0.01
Valle del cauca,2020-06-26,forecast,1.2,1,1.3,1.1,1.2,0.02
Valle del cauca,2020-06-27,forecast,1.2,1,1.3,1.1,1.2,0.02
Valle del cauca,2020-06-28,forecast,1.2,1,1.3,1.1,1.2,0.03
Valle del cauca,2020-06-29,forecast,1.2,1,1.3,1.1,1.2,0.04
Valle del cauca,2020-06-30,forecast,1.2,1,1.3,1.1,1.2,0.04
Valle del cauca,2020-07-01,forecast,1.2,1,1.3,1.1,1.2,0.04
Valle del cauca,2020-07-02,forecast,1.2,1,1.3,1.1,1.2,0.06
Valle del cauca,2020-07-03,forecast,1.2,1,1.3,1.1,1.2,0.06
Valle del cauca,2020-07-04,forecast,1.2,1,1.3,1.1,1.2,0.06
Valle del cauca,2020-07-05,forecast,1.2,1,1.3,1.1,1.2,0.07
Valle del cauca,2020-07-06,forecast,1.2,1,1.3,1.1,1.2,0.07
Valle del cauca,2020-07-07,forecast,1.2,1,1.3,1.1,1.2,0.07
Valle del cauca,2020-07-08,forecast,1.2,1,1.3,1.1,1.2,0.08
